,MinTemp,MaxTemp,Rainfall,WindGustSpeed,WindSpeed9am,WindSpeed3pm,Humidity9am,Humidity3pm,Pressure9am,Pressure3pm,Temp9am,Temp3pm,RainToday,RainTomorrow
0,13.4,22.9,0.6,44.0,20.0,24.0,71.0,22.0,1007.7,1007.1,16.9,21.8,No,No
1,7.4,25.1,0.0,44.0,4.0,22.0,44.0,25.0,1010.6,1007.8,17.2,24.3,No,No
2,12.9,25.7,0.0,46.0,19.0,26.0,38.0,30.0,1007.6,1008.7,21.0,23.2,No,No
3,9.2,28.0,0.0,24.0,11.0,9.0,45.0,16.0,1017.6,1012.8,18.1,26.5,No,No
4,17.5,32.3,1.0,41.0,7.0,20.0,82.0,33.0,1010.8,1006.0,17.8,29.7,No,No
5,14.6,29.7,0.2,56.0,19.0,24.0,55.0,23.0,1009.2,1005.4,20.6,28.9,No,No
6,14.3,25.0,0.0,50.0,20.0,24.0,49.0,19.0,1009.6,1008.2,18.1,24.6,No,No
7,7.7,26.7,0.0,35.0,6.0,17.0,48.0,19.0,1013.4,1010.1,16.3,25.5,No,No
8,9.7,31.9,0.0,80.0,7.0,28.0,42.0,9.0,1008.9,1003.6,18.3,30.2,No,Yes
9,13.1,30.1,1.4,28.0,15.0,11.0,58.0,27.0,1007.0,1005.7,20.1,28.2,Yes,No
10,13.4,30.4,0.0,30.0,17.0,6.0,48.0,22.0,1011.8,1008.7,20.4,28.8,No,Yes
11,15.9,21.7,2.2,31.0,15.0,13.0,89.0,91.0,1010.5,1004.2,15.9,17.0,Yes,Yes
12,15.9,18.6,15.6,61.0,28.0,28.0,76.0,93.0,994.3,993.0,17.4,15.8,Yes,Yes
13,12.6,21.0,3.6,44.0,24.0,20.0,65.0,43.0,1001.2,1001.8,15.8,19.8,Yes,No
16,14.1,20.9,0.0,22.0,11.0,9.0,69.0,82.0,1012.2,1010.4,17.2,18.1,No,Yes
17,13.5,22.9,16.8,63.0,6.0,20.0,80.0,65.0,1005.8,1002.2,18.0,21.5,Yes,Yes
18,11.2,22.5,10.6,43.0,24.0,17.0,47.0,32.0,1009.4,1009.7,15.5,21.0,Yes,No
19,9.8,25.6,0.0,26.0,17.0,6.0,45.0,26.0,1019.2,1017.1,15.8,23.2,No,No
20,11.5,29.3,0.0,24.0,9.0,9.0,56.0,28.0,1019.3,1014.8,19.1,27.3,No,No
21,17.1,33.0,0.0,43.0,17.0,22.0,38.0,28.0,1013.6,1008.1,24.5,31.6,No,No
22,20.5,31.8,0.0,41.0,19.0,20.0,54.0,24.0,1007.8,1005.7,23.8,30.8,No,No
23,15.3,30.9,0.0,33.0,6.0,13.0,55.0,23.0,1011.0,1008.2,20.9,29.0,No,No
24,12.6,32.4,0.0,43.0,4.0,19.0,49.0,17.0,1012.9,1010.1,21.5,31.2,No,No
25,16.2,33.9,0.0,35.0,9.0,13.0,45.0,19.0,1010.9,1007.6,23.2,33.0,No,No
26,16.9,33.0,0.0,57.0,0.0,26.0,41.0,28.0,1006.8,1003.6,26.6,31.2,No,No
27,20.1,32.7,0.0,48.0,13.0,30.0,56.0,15.0,1005.2,1001.7,24.6,32.1,No,No
28,19.7,27.2,0.0,46.0,19.0,30.0,49.0,22.0,1004.8,1004.2,21.6,26.1,No,Yes
29,12.5,24.2,1.2,50.0,11.0,22.0,78.0,70.0,1005.6,1003.4,12.5,18.2,Yes,No
30,12.0,24.4,0.8,39.0,17.0,17.0,48.0,28.0,1006.1,1005.1,16.9,22.7,No,No
31,11.3,26.5,0.0,56.0,19.0,31.0,46.0,26.0,1004.5,1003.2,19.7,25.7,No,No
32,9.6,23.9,0.0,41.0,19.0,11.0,44.0,22.0,1014.4,1013.1,14.9,22.1,No,No
33,10.5,28.8,0.0,26.0,11.0,7.0,43.0,22.0,1018.7,1014.8,17.1,26.5,No,No
34,12.3,34.6,0.0,37.0,6.0,17.0,41.0,12.0,1015.1,1010.3,20.7,33.9,No,No
35,12.9,35.8,0.0,41.0,6.0,26.0,41.0,9.0,1012.6,1009.2,22.4,34.4,No,No
36,13.7,37.9,0.0,52.0,4.0,26.0,33.0,8.0,1010.9,1006.7,23.1,36.8,No,No
37,16.1,38.9,0.0,57.0,6.0,30.0,34.0,12.0,1007.0,1002.7,25.2,38.4,No,No
38,14.0,28.3,0.0,48.0,17.0,24.0,43.0,15.0,1011.9,1010.9,17.9,27.6,No,No
39,12.5,28.4,0.0,37.0,20.0,9.0,38.0,16.0,1017.8,1013.7,17.2,26.6,No,No
40,17.0,30.8,0.0,37.0,15.0,11.0,36.0,24.0,1013.4,1008.1,20.2,29.3,No,No
41,16.9,32.0,0.0,31.0,13.0,17.0,52.0,31.0,1009.9,1006.8,22.8,30.0,No,No
42,17.3,34.7,0.0,35.0,7.0,15.0,48.0,16.0,1014.1,1012.1,24.2,33.2,No,No
43,17.2,37.7,0.0,35.0,7.0,17.0,51.0,19.0,1015.7,1010.9,24.3,35.7,No,No
44,17.4,43.0,0.0,39.0,7.0,17.0,40.0,8.0,1011.6,1006.9,25.6,41.5,No,No
45,19.8,32.7,0.0,44.0,20.0,28.0,34.0,28.0,1008.4,1009.2,27.6,27.1,No,No
46,14.9,26.7,0.0,56.0,20.0,31.0,46.0,20.0,1014.1,1012.7,18.0,25.5,No,No
47,10.5,28.4,0.0,33.0,19.0,11.0,35.0,16.0,1019.7,1017.4,16.0,25.8,No,No
48,11.3,32.2,0.0,28.0,17.0,15.0,34.0,17.0,1019.7,1016.2,20.9,30.5,No,No
49,13.9,36.6,0.0,39.0,2.0,15.0,39.0,10.0,1015.8,1010.6,22.0,34.4,No,No
50,18.6,39.9,0.0,61.0,9.0,20.0,36.0,21.0,1010.1,1004.8,26.8,37.7,No,No
51,19.3,38.1,0.8,61.0,15.0,17.0,48.0,17.0,1009.6,1005.9,27.3,36.1,No,No
52,24.4,34.0,0.6,98.0,26.0,48.0,60.0,39.0,1005.3,997.8,26.1,33.1,No,Yes
53,18.8,35.2,6.4,52.0,6.0,28.0,43.0,28.0,1007.9,1003.9,22.8,33.0,Yes,No
54,20.8,30.6,0.0,54.0,30.0,28.0,41.0,21.0,1005.4,1007.6,23.3,29.7,No,No
55,14.0,34.3,0.0,24.0,7.0,13.0,44.0,10.0,1016.5,1014.6,21.2,32.1,No,No
56,15.7,38.4,0.0,33.0,7.0,7.0,48.0,12.0,1017.7,1014.6,23.4,36.5,No,No
57,18.5,38.2,0.0,31.0,9.0,17.0,48.0,25.0,1017.8,1014.1,25.8,36.2,No,No
58,20.4,40.7,0.0,37.0,7.0,13.0,45.0,15.0,1014.9,1011.6,28.2,39.2,No,No
59,21.8,41.5,0.0,24.0,6.0,11.0,38.0,13.0,1015.7,1011.8,29.0,40.1,No,No
60,22.3,42.9,0.0,28.0,9.0,11.0,37.0,11.0,1014.6,1010.2,29.2,41.2,No,No
61,22.0,42.7,0.0,48.0,4.0,4.0,33.0,11.0,1014.2,1010.5,29.9,42.0,No,No
62,28.0,43.1,0.0,83.0,15.0,9.0,27.0,9.0,1012.5,1008.7,32.4,41.9,No,No
63,24.4,38.3,0.2,56.0,19.0,7.0,32.0,21.0,1011.7,1007.4,28.8,37.1,No,No
66,21.5,41.2,0.0,35.0,7.0,19.0,48.0,15.0,1005.9,1002.6,26.5,39.7,No,No
67,23.5,42.2,0.0,37.0,6.0,15.0,39.0,8.0,1008.0,1005.0,28.7,41.6,No,No
68,22.3,44.8,0.0,59.0,9.0,33.0,36.0,11.0,1008.2,1003.8,29.6,43.4,No,No
69,28.3,40.2,0.0,52.0,9.0,22.0,20.0,19.0,1007.0,1006.5,34.5,38.5,No,No
70,18.4,31.2,0.4,37.0,7.0,11.0,66.0,31.0,1009.3,1007.8,18.7,29.4,No,No
71,14.9,27.3,0.0,41.0,20.0,13.0,50.0,30.0,1011.6,1008.5,17.4,25.8,No,No
72,13.5,26.7,0.0,46.0,19.0,11.0,45.0,24.0,1012.8,1011.1,16.7,24.9,No,No
73,16.1,21.6,0.0,46.0,11.0,15.0,58.0,69.0,1017.0,1017.3,17.0,17.3,No,Yes
74,14.6,29.0,3.0,41.0,26.0,24.0,41.0,21.0,1023.3,1019.7,18.0,27.6,Yes,No
75,12.4,29.2,0.0,39.0,7.0,0.0,37.0,18.0,1022.5,1016.4,18.3,28.5,No,No
76,13.3,31.3,0.0,41.0,7.0,15.0,50.0,23.0,1016.2,1012.8,19.2,29.2,No,No
77,17.2,31.1,0.0,35.0,17.0,11.0,43.0,22.0,1017.7,1013.8,21.4,29.5,No,No
78,12.5,28.8,0.0,31.0,7.0,11.0,46.0,17.0,1017.2,1013.5,18.0,27.0,No,No
79,18.0,32.0,0.0,31.0,4.0,13.0,44.0,22.0,1012.4,1007.5,22.1,30.7,No,No
80,16.2,34.0,0.0,48.0,4.0,22.0,53.0,16.0,1007.8,1004.5,21.0,32.7,No,No
81,18.7,29.1,0.0,41.0,7.0,17.0,45.0,39.0,1010.1,1010.8,21.5,26.8,No,No
82,13.7,31.7,0.0,28.0,2.0,9.0,63.0,19.0,1012.5,1010.4,19.3,29.8,No,No
83,15.5,33.2,0.0,31.0,11.0,15.0,49.0,23.0,1015.6,1012.4,20.9,31.3,No,No
84,14.3,34.0,0.0,70.0,6.0,22.0,48.0,10.0,1013.0,1009.2,20.7,33.4,No,No
85,12.9,29.6,0.0,46.0,7.0,24.0,54.0,14.0,1014.0,1012.7,18.7,28.6,No,No
86,8.9,31.9,0.0,43.0,0.0,17.0,49.0,16.0,1016.6,1013.4,15.0,29.3,No,No
87,15.0,32.7,0.0,26.0,15.0,2.0,43.0,19.0,1017.8,1015.0,20.7,30.5,No,No
88,15.4,32.6,0.0,24.0,0.0,6.0,53.0,25.0,1016.2,1012.6,20.0,30.8,No,No
90,12.8,30.3,0.0,30.0,4.0,13.0,53.0,27.0,1010.5,1008.7,17.3,28.1,No,No
91,13.2,31.9,0.0,35.0,6.0,9.0,53.0,25.0,1014.1,1011.6,18.0,29.8,No,No
92,18.0,31.1,0.0,52.0,15.0,26.0,58.0,35.0,1014.7,1009.0,23.0,29.2,No,No
93,13.8,22.1,0.2,57.0,26.0,33.0,57.0,26.0,1014.5,1013.1,15.6,21.9,No,No
94,11.5,22.0,0.0,50.0,19.0,33.0,60.0,33.0,1013.7,1011.8,13.9,21.4,No,No
95,7.6,24.0,0.0,30.0,0.0,13.0,52.0,23.0,1014.5,1012.0,12.6,22.0,No,No
96,8.3,27.9,0.0,37.0,4.0,20.0,58.0,22.0,1015.2,1012.4,13.3,27.0,No,No
97,11.0,30.2,0.0,24.0,7.0,11.0,54.0,20.0,1017.0,1014.7,17.6,28.8,No,No
98,13.8,31.8,0.0,24.0,6.0,17.0,49.0,28.0,1019.7,1015.9,18.6,30.5,No,No
99,15.5,32.0,0.0,50.0,2.0,4.0,51.0,25.0,1019.5,1016.2,20.1,30.8,No,Yes
100,18.4,30.5,1.2,44.0,15.0,19.0,57.0,23.0,1021.3,1018.0,21.5,29.6,Yes,No
101,20.9,25.7,0.0,37.0,11.0,9.0,52.0,90.0,1019.5,1018.9,22.2,18.8,No,Yes
102,17.1,25.8,5.8,31.0,0.0,13.0,82.0,68.0,1017.4,1014.7,19.0,23.8,Yes,Yes
103,16.4,27.0,3.0,69.0,9.0,22.0,82.0,74.0,1012.7,1008.0,19.9,19.7,Yes,Yes
104,10.0,19.7,11.6,39.0,11.0,17.0,62.0,41.0,1013.4,1012.0,12.7,18.3,Yes,No
105,8.8,21.9,0.0,39.0,2.0,20.0,78.0,34.0,1013.3,1011.6,12.2,20.5,No,No
106,8.4,25.3,0.0,35.0,9.0,17.0,78.0,34.0,1015.6,1013.2,12.1,23.9,No,No
107,9.3,28.0,0.0,52.0,6.0,11.0,76.0,19.0,1017.4,1013.9,14.7,27.2,No,No
108,11.3,30.1,0.0,24.0,6.0,7.0,56.0,15.0,1016.3,1013.6,14.7,29.3,No,No
109,11.5,33.5,0.0,22.0,7.0,7.0,50.0,13.0,1016.5,1013.6,17.4,32.6,No,No
110,13.8,33.6,0.0,28.0,0.0,11.0,47.0,17.0,1017.0,1013.1,18.8,33.5,No,No
111,14.6,30.0,0.0,37.0,4.0,19.0,56.0,30.0,1014.8,1012.7,18.1,29.0,No,No
112,14.4,31.6,0.0,37.0,0.0,24.0,63.0,25.0,1013.7,1011.8,18.8,31.4,No,No
113,10.8,31.9,0.0,48.0,6.0,20.0,62.0,20.0,1016.5,1014.4,15.4,30.7,No,No
114,15.4,22.3,0.4,30.0,11.0,9.0,69.0,78.0,1017.4,1019.2,18.3,19.6,No,Yes
115,13.3,29.8,1.8,33.0,0.0,20.0,87.0,26.0,1019.1,1017.2,16.2,29.2,Yes,No
116,10.1,27.6,0.0,43.0,0.0,11.0,63.0,30.0,1023.0,1020.7,16.5,26.8,No,No
117,9.1,28.9,0.0,24.0,2.0,17.0,60.0,26.0,1023.8,1020.6,14.0,27.7,No,No
118,10.4,31.2,0.0,22.0,0.0,6.0,60.0,18.0,1022.4,1019.1,16.0,29.9,No,No
119,13.4,30.4,0.0,22.0,0.0,9.0,57.0,16.0,1023.0,1019.5,17.2,29.2,No,No
120,12.3,29.9,0.0,26.0,2.0,13.0,61.0,25.0,1023.2,1019.5,17.1,28.6,No,No
121,12.2,30.6,0.0,22.0,0.0,6.0,59.0,22.0,1022.6,1019.4,16.6,29.5,No,No
122,14.3,32.1,0.0,28.0,0.0,11.0,59.0,30.0,1022.6,1018.4,18.4,30.9,No,Yes
123,18.4,28.1,8.6,98.0,7.0,17.0,92.0,49.0,1018.8,1012.9,19.0,27.4,Yes,Yes
124,10.7,21.4,12.6,43.0,0.0,13.0,60.0,33.0,1019.8,1019.3,13.9,20.3,Yes,No
125,7.8,21.7,0.0,31.0,6.0,19.0,72.0,37.0,1020.4,1016.5,12.9,21.2,No,No
126,8.1,21.4,0.0,35.0,13.0,19.0,58.0,20.0,1021.8,1019.6,13.8,20.9,No,No
127,7.5,22.5,0.0,28.0,7.0,7.0,55.0,27.0,1026.7,1023.5,13.3,21.6,No,No
128,8.2,24.0,0.0,17.0,7.0,13.0,60.0,30.0,1027.1,1023.4,13.8,23.5,No,No
129,8.1,25.7,0.0,22.0,9.0,13.0,67.0,27.0,1024.2,1019.6,15.1,25.0,No,No
130,11.6,26.7,0.0,48.0,6.0,11.0,59.0,42.0,1021.5,1017.7,16.4,24.3,No,Yes
131,13.0,24.9,8.4,46.0,6.0,11.0,75.0,47.0,1024.4,1020.3,18.0,24.4,Yes,Yes
132,13.5,24.2,6.2,20.0,0.0,6.0,88.0,52.0,1024.1,1020.8,15.4,23.1,Yes,No
133,9.9,25.4,0.0,19.0,4.0,7.0,65.0,35.0,1023.0,1018.7,16.1,25.0,No,No
134,12.2,25.0,0.0,30.0,0.0,15.0,68.0,39.0,1016.3,1011.6,16.2,24.6,No,No
135,10.7,21.9,0.0,63.0,26.0,31.0,44.0,27.0,1008.2,1009.8,20.5,18.9,No,No
136,3.5,20.0,0.0,31.0,0.0,13.0,65.0,30.0,1016.3,1012.8,9.6,19.4,No,No
137,6.6,21.6,0.0,26.0,6.0,11.0,59.0,39.0,1018.5,1016.8,12.6,21.6,No,No
138,7.0,23.4,0.0,24.0,2.0,17.0,73.0,37.0,1022.8,1019.3,12.4,22.9,No,No
139,11.2,23.9,0.0,31.0,13.0,15.0,54.0,33.0,1022.7,1019.6,18.0,23.6,No,No
140,7.4,22.0,0.0,28.0,2.0,7.0,58.0,29.0,1023.6,1020.0,14.1,21.3,No,No
141,5.7,21.4,0.0,17.0,6.0,7.0,68.0,39.0,1025.2,1020.9,12.2,20.9,No,No
142,6.2,22.7,0.0,17.0,0.0,7.0,73.0,33.0,1026.0,1021.6,11.2,22.3,No,No
143,6.0,22.9,0.0,33.0,0.0,20.0,68.0,34.0,1021.3,1015.7,12.9,22.6,No,No
144,10.6,16.2,0.0,39.0,7.0,4.0,74.0,86.0,1008.9,1002.4,14.9,15.1,No,Yes
145,12.9,15.8,20.0,70.0,19.0,15.0,83.0,89.0,1004.8,1000.9,13.3,14.5,Yes,Yes
146,8.6,12.9,21.0,63.0,26.0,31.0,77.0,62.0,1004.0,1003.3,9.5,11.6,Yes,Yes
147,4.5,11.5,3.2,26.0,9.0,13.0,82.0,79.0,1013.8,1013.5,7.6,9.4,Yes,Yes
148,7.6,14.5,4.8,35.0,15.0,20.0,83.0,48.0,1018.0,1018.3,10.1,14.0,Yes,No
149,5.4,12.2,0.0,19.0,9.0,7.0,62.0,46.0,1023.1,1020.9,8.2,12.1,No,No
150,2.1,16.5,0.0,19.0,0.0,7.0,70.0,38.0,1023.4,1021.5,7.9,16.1,No,No
151,1.8,17.0,0.0,19.0,0.0,7.0,77.0,44.0,1026.0,1023.2,7.2,16.3,No,No
152,7.2,19.2,0.0,22.0,7.0,6.0,81.0,49.0,1026.9,1024.0,10.1,19.1,No,No
153,4.6,18.9,0.0,15.0,4.0,7.0,75.0,51.0,1028.7,1025.9,10.6,18.5,No,No
154,4.2,19.1,0.0,19.0,6.0,13.0,86.0,44.0,1029.8,1027.3,9.6,18.8,No,No
155,5.2,18.8,0.0,15.0,0.0,7.0,71.0,47.0,1031.4,1028.1,10.3,18.4,No,No
156,4.1,19.3,0.0,20.0,6.0,7.0,82.0,49.0,1028.5,1024.6,10.0,19.2,No,No
157,3.2,18.4,0.0,20.0,6.0,11.0,86.0,49.0,1026.2,1023.6,8.3,18.2,No,No
158,4.3,19.0,0.0,15.0,0.0,9.0,68.0,36.0,1028.8,1025.8,11.0,18.5,No,No
159,3.7,20.5,0.0,17.0,0.0,7.0,78.0,45.0,1026.0,1021.8,9.4,20.2,No,No
160,5.4,19.5,0.0,17.0,0.0,7.0,69.0,40.0,1025.1,1022.3,11.7,19.1,No,No
161,4.3,17.7,0.0,15.0,6.0,7.0,89.0,53.0,1025.6,1022.2,8.5,17.7,No,No
162,3.6,18.5,0.0,26.0,4.0,17.0,81.0,49.0,1022.3,1018.5,9.1,18.0,No,No
163,3.6,15.1,0.0,28.0,4.0,17.0,86.0,61.0,1018.4,1015.7,7.5,14.6,No,No
164,6.9,16.3,0.0,35.0,17.0,19.0,77.0,59.0,1015.3,1013.1,10.3,15.3,No,No
165,10.3,16.6,0.0,54.0,13.0,19.0,82.0,63.0,1015.0,1011.0,12.9,15.9,No,Yes
166,12.4,16.4,1.8,52.0,22.0,24.0,82.0,54.0,1011.8,1013.4,13.0,14.5,Yes,No
167,3.0,15.6,0.0,20.0,6.0,9.0,83.0,61.0,1022.5,1019.3,7.0,14.7,No,No
168,2.6,19.7,0.0,13.0,0.0,4.0,82.0,34.0,1024.7,1021.2,8.8,18.7,No,No
169,3.7,19.1,0.0,19.0,0.0,11.0,87.0,51.0,1023.6,1019.9,7.4,18.9,No,No
170,5.1,18.6,0.0,13.0,2.0,9.0,75.0,57.0,1022.8,1020.5,12.4,18.0,No,No
171,4.4,19.8,0.0,20.0,0.0,7.0,81.0,48.0,1025.2,1022.3,9.4,19.1,No,No
172,4.7,19.8,0.0,24.0,4.0,19.0,75.0,43.0,1025.2,1021.4,10.1,19.6,No,No
173,6.2,22.9,0.0,30.0,6.0,9.0,71.0,37.0,1022.2,1019.4,11.9,21.7,No,No
174,6.7,21.1,0.0,20.0,0.0,11.0,69.0,43.0,1025.0,1022.1,12.5,20.8,No,No
175,9.3,20.3,0.0,31.0,9.0,22.0,77.0,50.0,1024.6,1019.7,11.6,19.5,No,Yes
176,11.6,18.1,4.2,19.0,2.0,6.0,97.0,74.0,1021.4,1019.2,13.6,17.4,Yes,No
177,8.0,16.2,0.8,20.0,0.0,11.0,99.0,58.0,1021.7,1019.3,10.1,15.6,No,No
178,2.6,15.7,0.0,13.0,0.0,2.0,91.0,48.0,1023.4,1021.6,7.1,15.3,No,No
179,2.2,16.5,0.0,33.0,0.0,19.0,67.0,44.0,1025.6,1024.0,10.2,15.9,No,No
180,2.2,16.8,0.0,26.0,0.0,15.0,65.0,44.0,1030.3,1028.5,9.6,16.7,No,No
181,1.7,17.1,0.0,44.0,0.0,9.0,73.0,46.0,1034.1,1029.9,8.0,16.8,No,Yes
182,8.0,14.3,1.2,13.0,0.0,0.0,88.0,75.0,1031.9,1029.2,9.2,14.0,Yes,Yes
183,8.4,13.4,1.4,13.0,0.0,7.0,78.0,75.0,1029.3,1026.2,10.6,13.4,Yes,Yes
184,10.6,14.3,4.8,13.0,6.0,9.0,85.0,97.0,1023.5,1020.4,12.4,13.0,Yes,Yes
185,8.9,17.4,8.0,13.0,2.0,4.0,99.0,58.0,1021.0,1017.5,11.3,16.5,Yes,No
186,2.8,16.1,0.0,20.0,4.0,11.0,86.0,57.0,1017.9,1015.1,7.6,15.6,No,No
187,1.7,10.5,0.2,11.0,4.0,0.0,99.0,91.0,1015.2,1011.1,4.7,10.2,No,Yes
188,4.7,11.6,14.4,30.0,6.0,17.0,93.0,80.0,1007.5,1006.3,10.0,11.5,Yes,Yes
189,9.0,12.0,4.6,33.0,9.0,26.0,88.0,79.0,1009.6,1008.7,10.3,11.4,Yes,Yes
190,6.3,8.8,2.0,43.0,13.0,13.0,92.0,95.0,1011.1,1008.3,6.8,7.9,Yes,Yes
191,3.0,10.5,5.6,37.0,15.0,22.0,77.0,56.0,1017.6,1018.4,4.9,9.7,Yes,No
192,-2.0,9.6,0.0,13.0,0.0,6.0,84.0,72.0,1025.1,1023.0,2.2,8.8,No,No
193,-1.3,8.2,0.0,15.0,6.0,6.0,99.0,72.0,1025.7,1022.2,1.9,7.9,No,No
194,1.8,12.4,0.0,28.0,4.0,15.0,86.0,60.0,1018.3,1013.0,5.9,12.1,No,No
195,2.0,15.8,0.0,24.0,0.0,11.0,82.0,49.0,1011.8,1009.3,6.5,15.5,No,No
196,0.5,14.9,0.4,13.0,2.0,0.0,99.0,63.0,1013.9,1012.8,5.4,13.9,No,No
197,1.2,17.7,0.0,17.0,0.0,6.0,83.0,49.0,1022.3,1022.2,6.6,15.4,No,No
198,0.6,15.9,0.0,13.0,0.0,2.0,94.0,52.0,1029.7,1027.7,5.6,14.9,No,No
199,0.5,14.7,0.0,11.0,6.0,0.0,99.0,63.0,1031.6,1028.6,4.7,14.5,No,No
200,0.5,15.3,0.0,13.0,6.0,6.0,93.0,56.0,1030.8,1027.1,5.4,15.1,No,No
201,0.9,17.3,0.0,28.0,4.0,17.0,85.0,56.0,1025.7,1020.6,7.0,16.7,No,Yes
202,7.0,17.0,1.6,46.0,4.0,20.0,99.0,71.0,1021.9,1018.6,8.3,16.4,Yes,Yes
203,5.0,14.9,5.6,19.0,4.0,6.0,99.0,78.0,1020.7,1018.6,9.1,13.6,Yes,No
204,3.9,15.5,0.0,35.0,11.0,7.0,99.0,70.0,1020.2,1016.4,8.3,15.2,No,Yes
205,7.7,14.1,6.0,41.0,7.0,9.0,81.0,65.0,1014.9,1012.7,9.6,13.7,Yes,No
206,4.7,12.2,0.0,24.0,2.0,13.0,99.0,75.0,1015.5,1012.7,6.9,11.6,No,Yes
207,6.9,13.7,4.4,46.0,7.0,9.0,99.0,73.0,1011.6,1008.1,8.4,13.0,Yes,No
208,8.4,11.9,0.0,22.0,7.0,6.0,79.0,81.0,1007.8,1005.5,10.3,11.3,No,Yes
209,9.3,12.3,5.4,22.0,9.0,11.0,98.0,76.0,1007.5,1006.6,9.8,12.3,Yes,Yes
210,8.2,15.7,3.6,26.0,9.0,15.0,91.0,69.0,1011.4,1009.4,10.1,15.6,Yes,Yes
211,9.1,16.1,2.0,72.0,11.0,19.0,78.0,73.0,1007.6,1001.0,13.5,15.3,Yes,Yes
212,8.3,13.3,8.4,52.0,20.0,22.0,85.0,68.0,1006.5,1005.2,9.5,13.1,Yes,Yes
213,8.8,11.6,5.0,54.0,19.0,19.0,88.0,74.0,1009.4,1006.8,8.8,11.4,Yes,Yes
214,7.6,12.0,7.8,61.0,17.0,22.0,82.0,62.0,1008.6,1009.6,7.8,11.7,Yes,No
215,5.7,13.2,0.0,39.0,15.0,24.0,91.0,76.0,1016.3,1014.9,7.9,12.6,No,No
216,3.4,12.4,0.0,31.0,9.0,15.0,80.0,56.0,1019.9,1019.0,7.0,12.0,No,No
217,0.0,12.1,0.0,19.0,7.0,7.0,99.0,65.0,1022.4,1020.4,2.3,11.4,No,No
218,-1.5,12.5,0.0,19.0,0.0,7.0,91.0,46.0,1026.0,1024.6,2.4,12.4,No,No
219,-1.7,13.8,0.0,17.0,0.0,7.0,84.0,54.0,1030.4,1028.1,3.3,12.4,No,No
220,-0.4,15.0,0.2,13.0,0.0,7.0,84.0,54.0,1032.0,1028.6,3.8,14.3,No,No
221,0.1,13.5,0.0,13.0,0.0,9.0,93.0,62.0,1028.7,1023.8,4.8,13.4,No,No
222,4.8,13.3,0.6,24.0,0.0,13.0,96.0,63.0,1020.5,1015.6,8.1,13.2,No,No
223,8.1,16.5,0.6,33.0,7.0,19.0,77.0,53.0,1010.4,1007.7,11.6,15.4,No,No
224,5.9,13.1,1.0,41.0,13.0,11.0,82.0,73.0,1007.6,1005.5,9.0,12.3,No,Yes
225,6.9,11.0,6.8,30.0,9.0,9.0,94.0,75.0,1006.6,1005.8,7.5,10.1,Yes,Yes
226,2.9,12.6,1.8,22.0,4.0,0.0,99.0,57.0,1010.5,1009.9,5.9,12.5,Yes,No
227,-0.6,13.4,0.0,24.0,0.0,9.0,95.0,57.0,1015.6,1014.5,3.8,12.8,No,No
228,-0.3,14.4,0.2,17.0,4.0,6.0,88.0,52.0,1022.4,1020.6,4.5,14.2,No,No
229,-1.0,12.0,0.0,20.0,0.0,11.0,98.0,64.0,1023.0,1019.5,3.2,11.2,No,No
230,3.2,14.1,0.6,24.0,7.0,11.0,94.0,65.0,1021.6,1019.8,7.8,13.5,No,No
231,3.6,16.5,0.2,39.0,0.0,19.0,95.0,53.0,1023.1,1018.4,7.1,16.3,No,No
232,0.8,17.7,0.0,43.0,4.0,17.0,87.0,46.0,1019.7,1013.4,6.6,17.6,No,No
233,6.6,12.3,0.0,44.0,7.0,20.0,74.0,81.0,1009.5,1006.2,11.3,10.2,No,Yes
234,6.0,13.5,9.8,26.0,13.0,17.0,83.0,58.0,1015.1,1018.4,8.5,12.9,Yes,No
235,-0.1,12.9,0.0,22.0,0.0,15.0,87.0,58.0,1027.3,1025.4,3.7,11.6,No,No
236,-0.3,12.2,0.0,20.0,0.0,9.0,95.0,61.0,1026.8,1022.7,2.5,10.8,No,No
237,2.1,9.8,0.0,13.0,0.0,2.0,85.0,74.0,1018.0,1013.7,4.4,9.6,No,No
238,1.3,8.8,0.0,20.0,6.0,9.0,99.0,91.0,1019.9,1019.9,4.2,7.3,No,Yes
239,4.2,12.7,3.8,31.0,11.0,11.0,89.0,71.0,1024.0,1023.1,8.8,12.0,Yes,Yes
240,8.3,13.2,2.4,24.0,11.0,9.0,98.0,81.0,1026.0,1025.4,9.3,12.1,Yes,No
241,3.3,12.1,0.2,22.0,0.0,9.0,99.0,76.0,1025.8,1022.7,6.5,12.0,No,Yes
242,6.5,14.5,5.2,35.0,19.0,22.0,81.0,61.0,1021.3,1021.5,11.6,12.7,Yes,No
243,7.4,13.9,0.2,30.0,0.0,15.0,99.0,70.0,1026.8,1025.3,8.9,13.3,No,No
244,7.5,14.1,0.8,30.0,2.0,17.0,94.0,65.0,1027.9,1024.8,10.5,13.3,No,No
245,8.3,13.8,0.8,37.0,20.0,15.0,79.0,49.0,1023.1,1022.9,9.9,13.6,No,No
246,3.2,14.7,0.0,17.0,0.0,4.0,91.0,53.0,1021.7,1018.9,5.7,14.0,No,Yes
247,5.7,13.8,5.4,19.0,7.0,7.0,98.0,76.0,1022.2,1020.2,8.9,13.6,Yes,No
248,5.1,17.1,0.4,35.0,0.0,19.0,99.0,58.0,1021.9,1016.7,8.0,16.6,No,No
249,8.0,13.9,0.8,57.0,35.0,33.0,79.0,47.0,1012.8,1015.6,9.8,13.7,No,Yes
250,-0.8,12.9,4.2,24.0,6.0,6.0,78.0,50.0,1026.4,1023.0,4.4,12.3,Yes,No
251,-1.0,12.2,0.0,15.0,2.0,7.0,91.0,48.0,1021.6,1018.5,2.0,12.1,No,No
252,1.9,14.8,0.2,20.0,4.0,11.0,72.0,60.0,1018.6,1014.7,5.9,12.6,No,No
253,5.9,17.7,0.4,43.0,19.0,22.0,62.0,59.0,1009.0,1008.6,14.8,15.6,No,Yes
254,6.9,14.3,4.8,24.0,6.0,13.0,99.0,74.0,1011.5,1010.0,9.1,13.0,Yes,No
255,7.7,11.6,0.2,22.0,6.0,13.0,94.0,87.0,1015.7,1015.3,9.4,11.1,No,Yes
256,6.8,15.2,1.2,22.0,0.0,13.0,99.0,61.0,1021.1,1019.1,9.0,14.7,Yes,No
257,2.7,17.5,0.2,24.0,7.0,13.0,99.0,57.0,1021.2,1016.8,6.7,17.0,No,Yes
258,5.1,15.5,1.6,39.0,11.0,11.0,79.0,70.0,1012.2,1006.4,11.0,14.3,Yes,Yes
259,4.2,13.6,3.2,37.0,20.0,19.0,73.0,57.0,1018.2,1019.7,9.8,12.8,Yes,No
260,0.6,15.6,0.0,15.0,0.0,6.0,85.0,58.0,1029.8,1027.2,6.0,14.4,No,No
261,1.6,16.4,0.0,17.0,7.0,7.0,99.0,61.0,1027.7,1022.5,5.5,15.2,No,No
262,5.5,18.4,0.0,22.0,6.0,13.0,78.0,51.0,1019.7,1014.3,11.1,17.3,No,No
263,7.3,14.8,1.0,59.0,26.0,30.0,72.0,85.0,1004.0,1001.7,13.3,10.1,No,Yes
264,0.2,14.1,6.6,26.0,9.0,13.0,90.0,57.0,1012.0,1009.6,5.8,12.9,Yes,Yes
265,5.8,18.9,3.8,26.0,7.0,11.0,94.0,67.0,1011.5,1007.1,10.8,18.2,Yes,Yes
266,8.9,17.1,1.2,63.0,26.0,22.0,68.0,52.0,1004.1,1001.0,13.2,16.4,Yes,Yes
267,7.1,12.8,2.0,85.0,15.0,20.0,75.0,53.0,1009.6,1008.2,7.7,11.7,Yes,Yes
268,4.2,14.4,3.6,43.0,13.0,30.0,83.0,56.0,1016.1,1014.4,6.9,13.6,Yes,No
269,1.1,16.7,0.4,30.0,11.0,19.0,72.0,49.0,1018.5,1014.6,8.9,16.2,No,No
270,1.1,18.6,0.0,24.0,7.0,11.0,87.0,51.0,1016.9,1013.3,7.2,17.6,No,Yes
271,7.2,17.9,4.2,59.0,20.0,19.0,81.0,80.0,1002.6,996.9,13.0,17.5,Yes,Yes
272,6.3,11.1,13.4,56.0,26.0,20.0,77.0,57.0,1014.2,1015.2,6.7,10.7,Yes,Yes
273,6.7,14.2,1.4,39.0,19.0,22.0,90.0,72.0,1018.9,1016.8,9.7,13.9,Yes,Yes
274,5.1,14.2,3.0,24.0,7.0,15.0,96.0,58.0,1023.2,1021.7,9.7,12.5,Yes,No
275,1.0,16.8,0.0,24.0,9.0,9.0,82.0,45.0,1024.9,1020.2,7.0,16.0,No,No
276,6.1,20.7,0.0,43.0,4.0,24.0,80.0,54.0,1016.6,1010.8,10.2,20.3,No,Yes
277,6.3,16.9,1.4,35.0,6.0,13.0,85.0,58.0,1014.4,1012.3,12.5,15.5,Yes,No
278,2.1,15.0,0.0,30.0,4.0,11.0,81.0,54.0,1019.5,1017.9,8.6,14.9,No,No
279,1.6,16.6,0.0,37.0,9.0,20.0,79.0,47.0,1018.4,1011.4,8.3,15.4,No,No
280,8.3,17.6,0.0,41.0,9.0,30.0,73.0,53.0,1005.0,1002.7,13.9,16.5,No,No
281,5.7,16.5,0.0,46.0,7.0,30.0,90.0,59.0,1009.9,1009.0,9.4,15.3,No,No
282,7.5,14.3,0.0,35.0,17.0,22.0,82.0,67.0,1012.8,1011.3,9.5,13.4,No,No
285,6.5,24.7,0.0,39.0,6.0,22.0,70.0,39.0,1020.0,1015.4,13.2,24.0,No,No
286,13.2,25.1,0.0,35.0,9.0,11.0,44.0,25.0,1017.0,1012.2,17.3,23.1,No,No
287,4.3,17.8,0.0,24.0,2.0,6.0,60.0,29.0,1022.6,1019.9,10.9,17.1,No,No
288,1.6,17.2,0.0,20.0,6.0,7.0,68.0,44.0,1022.5,1019.1,8.1,16.7,No,No
289,2.8,21.1,0.0,17.0,7.0,9.0,74.0,39.0,1022.2,1016.8,11.2,20.7,No,No
290,6.3,19.0,0.0,24.0,6.0,2.0,76.0,73.0,1013.8,1011.9,12.9,14.0,No,Yes
291,7.4,20.4,10.2,46.0,0.0,0.0,75.0,54.0,1021.2,1018.6,12.9,20.3,Yes,No
292,5.4,20.6,0.0,22.0,6.0,11.0,98.0,46.0,1018.8,1015.0,10.2,19.2,No,No
293,8.0,18.9,0.4,33.0,0.0,20.0,79.0,50.0,1014.6,1013.7,14.3,16.8,No,No
294,3.7,19.0,0.2,43.0,9.0,15.0,73.0,50.0,1014.5,1008.2,11.5,18.3,No,Yes
295,11.5,20.2,8.4,50.0,17.0,13.0,77.0,55.0,1002.6,999.2,15.5,19.2,Yes,Yes
296,9.3,16.8,28.8,56.0,26.0,30.0,82.0,54.0,997.8,1003.8,13.1,15.9,Yes,Yes
297,8.2,18.2,1.4,41.0,9.0,24.0,72.0,55.0,1015.1,1011.8,12.6,17.2,Yes,No
298,5.3,20.6,0.0,44.0,22.0,13.0,60.0,57.0,1009.3,1002.9,15.2,17.3,No,Yes
299,6.8,12.2,6.0,56.0,37.0,24.0,79.0,72.0,1005.2,1003.9,7.9,11.1,Yes,Yes
300,4.5,12.9,1.6,61.0,35.0,37.0,78.0,72.0,1009.8,1008.4,6.7,10.7,Yes,No
301,5.5,17.9,0.0,43.0,17.0,24.0,79.0,56.0,1012.3,1009.9,9.2,16.8,No,No
302,1.7,17.0,0.0,19.0,6.0,11.0,73.0,49.0,1015.6,1013.4,9.4,16.2,No,No
303,4.0,21.4,0.0,35.0,7.0,17.0,75.0,36.0,1018.0,1013.4,11.3,20.9,No,No
304,8.9,21.1,0.0,28.0,6.0,9.0,76.0,61.0,1012.4,1008.8,12.9,19.4,No,No
305,11.7,22.0,0.0,30.0,4.0,11.0,68.0,55.0,1009.6,1004.9,16.1,20.6,No,Yes
306,8.5,13.5,3.2,31.0,17.0,11.0,87.0,75.0,1014.0,1015.1,9.6,13.0,Yes,Yes
307,9.6,16.2,1.8,20.0,0.0,9.0,85.0,75.0,1020.6,1019.4,12.6,14.8,Yes,No
308,8.3,19.7,0.2,35.0,0.0,20.0,85.0,47.0,1020.7,1018.6,12.5,19.2,No,No
309,5.2,16.2,0.0,37.0,6.0,15.0,85.0,77.0,1020.2,1018.3,8.8,10.0,No,Yes
310,3.8,15.9,3.6,35.0,0.0,15.0,90.0,42.0,1018.7,1018.5,7.1,15.2,Yes,No
311,1.2,16.3,0.0,39.0,6.0,13.0,65.0,43.0,1024.0,1023.2,7.8,15.7,No,No
312,3.2,18.2,0.0,33.0,11.0,9.0,63.0,39.0,1027.7,1025.7,11.8,17.8,No,No
313,4.6,19.0,0.0,22.0,17.0,9.0,55.0,36.0,1029.5,1025.7,11.2,17.3,No,No
314,6.4,18.7,0.0,48.0,7.0,17.0,68.0,50.0,1022.6,1016.9,11.3,18.2,No,No
315,5.8,23.3,0.0,59.0,9.0,20.0,88.0,64.0,1007.9,999.4,11.0,19.0,No,Yes
316,6.6,17.7,2.0,50.0,17.0,30.0,70.0,71.0,1001.9,997.6,10.8,14.8,Yes,Yes
317,9.5,15.1,7.0,65.0,26.0,30.0,88.0,60.0,1000.5,1002.7,10.3,14.1,Yes,Yes
318,9.7,15.7,1.4,50.0,15.0,22.0,79.0,84.0,1008.5,1007.8,11.1,10.9,Yes,Yes
319,4.1,16.6,6.8,39.0,15.0,19.0,77.0,56.0,1016.0,1016.2,8.8,14.9,Yes,No
320,4.6,19.2,0.0,28.0,6.0,13.0,83.0,46.0,1022.7,1021.6,10.9,18.8,No,No
321,5.1,20.3,0.0,24.0,6.0,9.0,72.0,50.0,1026.9,1024.7,12.1,19.3,No,No
322,5.1,22.7,0.0,19.0,4.0,6.0,78.0,38.0,1026.6,1023.7,12.2,22.0,No,No
323,6.9,26.6,0.0,30.0,7.0,17.0,71.0,31.0,1022.9,1018.4,13.4,25.8,No,No
324,8.8,27.1,0.0,20.0,7.0,15.0,73.0,44.0,1018.9,1017.4,15.4,25.3,No,No
325,9.1,27.1,0.0,24.0,9.0,13.0,67.0,38.0,1020.8,1018.4,15.6,25.4,No,No
326,8.1,23.9,0.0,35.0,2.0,13.0,70.0,26.0,1019.6,1017.6,14.8,23.2,No,No
327,7.4,25.4,0.0,30.0,9.0,13.0,68.0,28.0,1019.5,1016.2,14.7,24.8,No,No
328,10.6,23.1,0.0,63.0,2.0,13.0,68.0,34.0,1014.7,1013.0,14.4,21.3,No,No
329,10.8,22.0,0.0,35.0,20.0,15.0,52.0,38.0,1023.8,1022.0,14.7,20.9,No,No
330,5.9,24.1,0.0,26.0,7.0,9.0,64.0,43.0,1027.5,1023.1,12.9,23.4,No,No
331,11.3,26.8,0.0,19.0,4.0,9.0,67.0,41.0,1025.4,1020.9,17.9,25.8,No,No
332,14.5,26.9,0.0,31.0,9.0,20.0,65.0,50.0,1023.4,1020.6,19.1,25.8,No,No
333,13.7,29.1,0.0,22.0,11.0,11.0,75.0,46.0,1022.8,1019.5,19.1,28.4,No,No
334,15.6,30.8,0.0,20.0,11.0,11.0,65.0,38.0,1022.3,1019.0,21.4,30.3,No,No
335,17.8,34.0,0.0,33.0,9.0,17.0,66.0,35.0,1021.6,1017.3,23.1,32.7,No,No
336,18.7,32.4,0.0,20.0,9.0,9.0,66.0,47.0,1018.8,1014.6,23.9,31.1,No,No
337,18.7,24.3,0.0,46.0,24.0,20.0,46.0,39.0,1009.8,1011.9,24.2,21.9,No,No
338,10.0,23.2,0.0,39.0,7.0,19.0,59.0,27.0,1017.1,1015.8,15.0,22.6,No,No
339,6.6,25.3,0.0,44.0,7.0,26.0,67.0,28.0,1020.5,1017.3,14.0,25.3,No,No
340,10.8,27.9,0.0,28.0,11.0,15.0,55.0,32.0,1025.0,1021.8,17.5,27.0,No,No
341,11.3,29.8,0.0,22.0,6.0,15.0,57.0,27.0,1028.5,1025.3,19.2,28.9,No,No
342,13.5,31.8,0.0,28.0,4.0,9.0,55.0,29.0,1029.1,1024.8,21.0,30.3,No,No
343,15.4,33.4,0.0,37.0,7.0,13.0,48.0,29.0,1025.4,1020.6,22.1,32.8,No,No
344,15.9,35.2,0.0,33.0,7.0,11.0,49.0,23.0,1021.0,1017.2,23.3,33.8,No,No
345,17.1,36.0,0.0,26.0,4.0,13.0,43.0,18.0,1021.4,1017.8,24.5,34.9,No,No
346,16.7,35.1,0.0,43.0,2.0,28.0,49.0,18.0,1018.9,1014.8,24.7,34.6,No,No
347,18.1,32.8,0.0,31.0,19.0,17.0,42.0,22.0,1017.2,1013.9,23.2,31.7,No,No
348,13.4,35.4,0.0,46.0,13.0,11.0,55.0,25.0,1015.6,1011.2,21.7,32.6,No,No
349,17.2,36.3,0.0,35.0,6.0,22.0,57.0,16.0,1009.8,1006.5,23.9,35.4,No,No
350,15.3,35.1,0.0,54.0,4.0,13.0,46.0,20.0,1007.0,1002.6,24.1,33.4,No,No
351,12.1,30.5,0.0,30.0,19.0,9.0,38.0,18.0,1008.0,1005.9,19.5,28.6,No,No
352,11.4,33.5,0.0,24.0,9.0,9.0,53.0,18.0,1010.0,1007.1,21.0,32.7,No,No
353,18.6,39.7,0.0,37.0,17.0,22.0,29.0,11.0,1006.8,1004.6,27.8,39.0,No,No
354,15.3,38.2,0.0,78.0,4.0,13.0,45.0,21.0,1007.6,1002.3,24.7,36.4,No,Yes
355,19.3,21.0,10.6,37.0,9.0,9.0,95.0,91.0,1010.8,1009.0,19.7,20.8,Yes,Yes
356,18.3,28.3,25.8,61.0,0.0,46.0,98.0,67.0,1003.7,1003.5,19.2,25.6,Yes,No
357,11.9,23.6,0.4,24.0,7.0,9.0,63.0,37.0,1020.7,1020.6,14.4,22.7,No,No
358,12.8,25.8,0.0,30.0,7.0,7.0,60.0,40.0,1024.6,1021.6,18.1,24.9,No,No
359,17.2,32.9,0.0,24.0,4.0,7.0,60.0,36.0,1020.8,1016.0,22.0,32.0,No,No
360,21.0,34.5,0.0,78.0,13.0,39.0,48.0,70.0,1012.2,1008.4,28.2,25.2,No,Yes
361,15.9,26.2,10.2,24.0,11.0,0.0,82.0,56.0,1010.7,1008.6,17.6,24.7,Yes,No
362,17.1,26.4,0.0,52.0,24.0,24.0,48.0,27.0,1006.5,1002.7,18.8,25.7,No,Yes
363,12.8,22.3,9.4,46.0,6.0,19.0,94.0,54.0,1000.5,1000.9,13.5,20.7,Yes,Yes
364,13.2,23.9,2.4,50.0,9.0,24.0,82.0,35.0,1010.3,1009.3,15.9,23.6,Yes,No
365,12.3,23.6,0.0,37.0,24.0,22.0,43.0,31.0,1018.4,1016.9,16.6,22.6,No,No
366,10.6,27.0,0.0,39.0,7.0,9.0,48.0,29.0,1022.0,1018.9,16.8,25.5,No,No
367,11.4,31.5,0.0,50.0,6.0,17.0,57.0,16.0,1019.2,1014.3,20.3,29.8,No,No
368,12.3,27.5,0.0,44.0,11.0,20.0,42.0,7.0,1015.9,1014.4,19.5,26.8,No,No
369,10.7,26.7,0.0,37.0,2.0,24.0,44.0,22.0,1015.1,1012.9,17.6,25.7,No,No
370,11.1,30.7,0.0,28.0,4.0,13.0,58.0,23.0,1015.9,1012.4,18.9,28.7,No,No
371,13.4,31.9,0.0,39.0,6.0,28.0,47.0,19.0,1012.3,1009.0,21.2,30.6,No,No
372,18.2,24.9,0.0,54.0,13.0,28.0,58.0,45.0,1006.9,1006.0,21.0,21.8,No,Yes
373,9.2,25.4,1.2,30.0,6.0,15.0,64.0,24.0,1011.6,1009.2,15.7,23.4,Yes,No
374,14.2,27.4,0.0,52.0,6.0,19.0,52.0,26.0,1008.9,1004.7,19.7,25.6,No,No
375,9.2,22.6,1.0,41.0,19.0,20.0,62.0,30.0,1016.9,1016.3,12.8,21.0,No,No
376,9.0,26.5,0.0,39.0,4.0,15.0,52.0,31.0,1019.2,1016.1,17.0,26.0,No,No
377,11.8,29.6,0.0,43.0,2.0,24.0,52.0,27.0,1017.6,1015.0,19.5,28.9,No,No
378,13.6,32.0,0.0,28.0,13.0,15.0,48.0,25.0,1018.7,1015.8,21.8,30.6,No,No
379,13.1,34.7,0.0,28.0,7.0,19.0,51.0,22.0,1019.4,1015.4,22.1,32.5,No,No
380,14.6,38.6,0.0,39.0,9.0,20.0,45.0,8.0,1017.0,1012.3,23.8,36.9,No,No
381,14.5,40.3,0.0,107.0,9.0,50.0,40.0,28.0,1008.9,1005.7,24.2,31.4,No,Yes
382,12.2,26.4,3.0,41.0,11.0,17.0,60.0,19.0,1015.0,1014.1,16.0,24.9,Yes,No
383,11.1,29.2,0.0,37.0,2.0,20.0,45.0,23.0,1016.2,1014.2,19.1,27.7,No,No
384,12.0,31.3,0.0,31.0,7.0,7.0,52.0,21.0,1018.1,1013.7,20.8,30.4,No,No
385,12.7,33.7,0.0,39.0,6.0,22.0,48.0,10.0,1013.5,1009.6,21.0,32.7,No,No
386,15.1,36.6,0.0,39.0,11.0,19.0,44.0,10.0,1010.9,1007.3,23.1,35.9,No,No
387,18.1,38.2,0.0,37.0,11.0,11.0,41.0,12.0,1012.4,1008.8,27.2,37.5,No,No
388,22.9,34.6,0.0,63.0,31.0,20.0,21.0,29.0,1006.5,1006.3,32.1,30.4,No,Yes
389,18.8,28.3,9.8,31.0,0.0,6.0,84.0,49.0,1009.8,1008.0,20.9,27.5,Yes,No
390,17.1,31.3,0.0,33.0,17.0,7.0,56.0,34.0,1014.7,1011.9,20.0,29.4,No,No
391,17.6,27.3,0.0,24.0,11.0,15.0,61.0,74.0,1016.3,1013.9,22.1,22.7,No,No
392,17.8,35.9,0.0,33.0,6.0,11.0,58.0,23.0,1015.2,1012.6,24.4,34.1,No,No
393,18.7,35.9,0.0,31.0,4.0,9.0,46.0,24.0,1020.0,1017.0,25.6,34.1,No,No
394,19.8,36.8,0.0,33.0,4.0,15.0,41.0,15.0,1022.0,1016.7,26.0,35.1,No,No
395,21.1,33.2,0.0,44.0,15.0,20.0,41.0,35.0,1016.8,1012.0,28.1,31.1,No,Yes
396,19.4,31.9,5.0,39.0,9.0,9.0,70.0,40.0,1012.2,1008.5,23.4,30.9,Yes,Yes
397,18.6,29.1,12.4,56.0,6.0,28.0,88.0,48.0,1007.8,1006.2,20.6,28.0,Yes,No
398,12.2,29.7,0.0,30.0,9.0,19.0,57.0,32.0,1014.4,1012.5,18.0,28.0,No,No
399,14.8,32.8,0.0,30.0,11.0,9.0,55.0,24.0,1017.5,1013.6,21.3,30.6,No,No
400,15.0,35.8,0.0,46.0,4.0,17.0,46.0,13.0,1014.9,1011.5,23.3,34.9,No,No
401,16.3,33.8,0.0,41.0,2.0,26.0,49.0,7.0,1014.1,1011.5,24.3,33.4,No,No
403,17.4,36.4,0.0,30.0,6.0,13.0,50.0,19.0,1018.0,1014.6,24.6,35.3,No,No
404,19.6,39.8,0.0,41.0,7.0,22.0,48.0,19.0,1017.2,1013.1,26.4,38.6,No,No
405,20.6,42.2,0.0,41.0,9.0,15.0,38.0,8.0,1015.4,1011.2,27.8,41.2,No,No
406,21.0,42.2,0.0,30.0,11.0,9.0,39.0,15.0,1013.8,1009.1,29.1,40.9,No,No
407,24.5,42.4,0.2,74.0,7.0,33.0,48.0,12.0,1007.7,1003.6,29.4,41.1,No,No
408,22.6,28.4,0.4,44.0,13.0,11.0,56.0,79.0,1009.8,1012.0,25.1,19.9,No,Yes
409,15.7,31.7,3.0,35.0,15.0,19.0,55.0,28.0,1016.1,1013.2,20.9,30.4,Yes,No
410,17.2,36.3,0.0,33.0,11.0,13.0,51.0,20.0,1015.6,1011.4,24.2,34.4,No,No
411,21.8,36.6,0.0,46.0,22.0,30.0,50.0,11.0,1009.6,1004.1,27.7,36.0,No,No
412,16.8,25.6,0.0,57.0,20.0,35.0,51.0,24.0,1006.9,1005.5,18.0,24.1,No,No
413,10.5,22.6,0.0,52.0,22.0,30.0,44.0,30.0,1007.7,1007.0,14.4,20.5,No,No
414,8.7,25.2,0.0,50.0,6.0,30.0,47.0,27.0,1011.5,1009.7,15.0,23.8,No,No
415,11.0,32.9,0.0,48.0,2.0,19.0,52.0,15.0,1011.8,1008.8,18.5,30.7,No,No
416,15.4,37.3,0.0,56.0,2.0,22.0,39.0,18.0,1010.7,1008.1,22.4,34.3,No,No
417,19.2,41.8,0.0,69.0,7.0,31.0,40.0,9.0,1008.8,1003.7,26.0,39.1,No,No
418,24.7,35.4,0.0,43.0,20.0,19.0,43.0,9.0,1006.7,1006.5,25.0,34.6,No,No
419,14.4,33.7,0.0,28.0,6.0,15.0,50.0,22.0,1013.2,1009.7,21.5,31.7,No,No
420,14.3,35.8,0.0,35.0,6.0,17.0,47.0,8.0,1011.4,1008.1,22.8,34.7,No,No
421,15.1,35.9,0.0,39.0,0.0,17.0,35.0,10.0,1010.0,1008.5,22.9,34.4,No,No
422,17.7,36.4,0.0,43.0,7.0,15.0,45.0,14.0,1011.4,1007.9,24.2,35.3,No,No
423,15.2,34.4,0.0,35.0,2.0,22.0,51.0,8.0,1008.5,1005.2,23.1,34.1,No,No
424,16.0,35.2,0.0,35.0,2.0,7.0,46.0,14.0,1009.0,1007.7,23.1,33.9,No,No
425,18.9,36.5,0.0,46.0,15.0,9.0,48.0,22.0,1015.3,1012.0,23.5,34.8,No,No
426,21.7,36.3,0.0,44.0,22.0,15.0,39.0,16.0,1014.2,1009.7,26.6,34.7,No,No
427,21.0,38.2,0.0,67.0,4.0,15.0,46.0,19.0,1014.0,1009.9,25.2,36.9,No,Yes
428,17.8,34.3,8.6,39.0,7.0,9.0,61.0,24.0,1016.1,1011.7,22.9,32.5,Yes,No
429,17.9,35.6,0.0,57.0,15.0,17.0,36.0,23.0,1014.0,1008.5,24.3,34.6,No,No
431,19.2,26.1,52.2,33.0,9.0,13.0,83.0,70.0,1009.9,1009.4,22.1,25.0,Yes,Yes
432,19.5,30.3,5.6,43.0,20.0,22.0,55.0,38.0,1016.4,1015.7,22.6,30.1,Yes,No
433,20.3,33.9,0.0,37.0,19.0,6.0,53.0,32.0,1020.8,1017.5,23.2,32.6,No,No
434,23.0,34.0,0.0,37.0,7.0,11.0,66.0,32.0,1020.8,1017.8,25.9,33.8,No,No
439,20.8,27.1,0.0,24.0,9.0,11.0,82.0,59.0,1009.9,1007.9,21.2,26.6,No,No
440,20.5,30.3,0.0,41.0,7.0,20.0,80.0,43.0,1006.8,1003.9,21.7,28.9,No,No
441,17.8,26.8,0.0,52.0,7.0,28.0,76.0,44.0,1008.6,1008.8,19.7,26.2,No,No
442,17.6,29.0,0.0,31.0,19.0,13.0,48.0,34.0,1014.7,1013.3,20.6,27.2,No,No
445,16.4,30.3,0.0,26.0,9.0,9.0,54.0,34.0,1023.6,1019.6,20.8,29.2,No,No
446,15.7,31.8,0.0,57.0,7.0,19.0,70.0,35.0,1018.9,1014.3,19.6,30.9,No,No
447,19.6,34.7,0.6,59.0,6.0,24.0,71.0,59.0,1015.3,1011.2,23.8,27.3,No,Yes
448,20.2,26.4,3.6,46.0,4.0,9.0,83.0,70.0,1014.6,1011.9,21.3,24.2,Yes,No
449,12.5,26.1,0.2,31.0,15.0,11.0,56.0,34.0,1017.3,1016.7,15.2,24.3,No,No
450,12.8,28.5,0.0,24.0,9.0,11.0,57.0,35.0,1020.3,1018.4,17.9,26.4,No,No
451,15.0,31.0,0.0,22.0,2.0,7.0,61.0,33.0,1023.9,1021.3,19.5,29.3,No,No
454,18.2,29.3,1.4,39.0,0.0,20.0,84.0,45.0,1016.7,1013.6,19.9,28.5,Yes,No
457,12.5,31.2,0.0,19.0,0.0,4.0,61.0,26.0,1018.6,1014.2,17.8,28.9,No,No
460,18.8,30.3,20.6,39.0,9.0,7.0,87.0,48.0,1010.0,1009.0,22.3,29.4,Yes,Yes
461,18.3,22.9,5.8,39.0,15.0,13.0,89.0,82.0,1013.3,1008.8,19.0,21.1,Yes,Yes
462,18.1,25.5,66.0,56.0,11.0,37.0,79.0,38.0,1008.7,1007.5,19.8,24.1,Yes,Yes
463,15.7,22.4,6.2,46.0,20.0,17.0,90.0,67.0,1014.4,1015.9,16.3,19.0,Yes,No
466,10.6,25.0,0.0,20.0,4.0,4.0,72.0,40.0,1036.3,1033.6,14.2,24.1,No,No
467,11.5,25.7,0.0,24.0,0.0,9.0,80.0,44.0,1035.2,1031.4,15.0,23.9,No,No
468,12.2,26.3,0.0,24.0,6.0,7.0,75.0,37.0,1030.0,1026.0,15.6,24.8,No,No
469,13.2,26.6,0.0,22.0,0.0,11.0,72.0,38.0,1025.5,1022.3,16.2,26.0,No,No
470,12.5,28.6,0.0,46.0,0.0,4.0,73.0,28.0,1023.8,1021.0,16.1,28.1,No,No
471,13.3,29.6,0.0,19.0,2.0,4.0,76.0,35.0,1025.6,1023.3,17.6,29.5,No,No
472,15.1,30.4,0.0,48.0,2.0,9.0,73.0,36.0,1025.4,1022.2,18.9,29.7,No,No
473,14.9,31.4,0.0,33.0,4.0,15.0,79.0,31.0,1020.4,1017.3,17.7,30.0,No,No
474,16.7,31.9,0.0,35.0,6.0,19.0,77.0,36.0,1020.2,1017.9,19.4,31.5,No,No
475,16.8,25.6,0.0,44.0,0.0,24.0,78.0,46.0,1018.7,1017.7,20.2,24.7,No,No
476,9.1,25.3,0.0,30.0,6.0,13.0,69.0,36.0,1020.8,1018.8,13.0,24.1,No,No
477,8.3,27.0,0.0,31.0,6.0,19.0,79.0,23.0,1021.2,1018.6,12.1,26.1,No,No
478,10.5,28.8,0.0,22.0,0.0,6.0,81.0,31.0,1022.0,1019.5,13.3,26.9,No,No
479,11.6,29.6,0.0,24.0,4.0,6.0,75.0,32.0,1021.8,1018.0,15.4,28.9,No,No
480,12.6,30.0,0.0,24.0,0.0,11.0,80.0,32.0,1019.2,1016.4,15.8,29.1,No,No
481,15.6,30.2,0.0,20.0,0.0,9.0,73.0,32.0,1019.8,1017.0,18.3,30.0,No,No
482,17.2,28.7,0.0,39.0,4.0,13.0,79.0,41.0,1016.4,1011.8,19.4,28.3,No,Yes
483,18.2,26.3,11.0,26.0,7.0,20.0,94.0,61.0,1015.8,1014.9,18.2,24.8,Yes,No
484,16.5,26.9,0.4,28.0,0.0,11.0,91.0,44.0,1019.6,1017.6,17.5,26.0,No,No
485,13.4,26.1,0.0,28.0,9.0,9.0,71.0,42.0,1021.2,1018.1,16.5,25.1,No,No
486,11.6,25.8,0.0,26.0,2.0,9.0,82.0,44.0,1020.0,1017.4,14.6,25.2,No,No
487,10.0,25.1,0.0,20.0,0.0,6.0,78.0,42.0,1019.8,1017.4,15.3,24.4,No,No
488,12.4,24.8,0.0,26.0,0.0,11.0,71.0,41.0,1020.7,1018.4,15.5,24.7,No,No
489,12.5,24.8,0.0,20.0,13.0,7.0,58.0,37.0,1022.1,1018.2,18.3,24.2,No,No
490,10.3,25.3,0.0,17.0,2.0,9.0,76.0,38.0,1020.7,1016.3,15.5,24.6,No,No
491,10.6,24.7,0.0,33.0,0.0,20.0,75.0,40.0,1017.9,1013.3,15.7,23.8,No,Yes
492,15.7,23.4,3.0,30.0,17.0,9.0,87.0,69.0,1012.8,1010.5,19.2,23.2,Yes,Yes
493,13.5,23.1,3.2,46.0,13.0,20.0,84.0,53.0,1016.7,1015.3,17.5,23.0,Yes,No
494,10.1,21.9,0.0,22.0,4.0,7.0,73.0,55.0,1016.1,1011.3,15.7,21.2,No,No
495,14.1,18.6,0.2,22.0,6.0,11.0,84.0,79.0,1011.6,1009.0,16.7,18.3,No,Yes
496,14.2,18.7,7.0,57.0,17.0,35.0,86.0,43.0,1010.1,1010.2,15.9,17.8,Yes,No
497,5.6,17.4,0.0,41.0,19.0,24.0,71.0,54.0,1018.1,1017.3,11.0,16.0,No,No
498,4.6,19.9,0.0,19.0,4.0,11.0,82.0,49.0,1023.8,1021.1,10.1,19.5,No,No
499,5.1,21.9,0.0,19.0,9.0,7.0,81.0,49.0,1023.6,1020.1,12.5,21.6,No,No
500,6.1,23.5,0.0,17.0,0.0,6.0,79.0,40.0,1022.6,1020.7,13.3,22.4,No,No
501,7.7,24.7,0.0,19.0,6.0,11.0,79.0,45.0,1026.5,1023.0,13.6,24.1,No,No
502,8.5,25.4,0.0,17.0,7.0,11.0,74.0,38.0,1027.8,1024.4,15.8,25.0,No,No
503,10.1,25.1,0.0,17.0,0.0,9.0,67.0,47.0,1027.1,1023.2,16.8,24.6,No,No
504,11.2,25.9,0.0,17.0,0.0,9.0,81.0,46.0,1025.7,1021.9,14.6,25.6,No,No
505,11.8,25.2,0.0,26.0,2.0,13.0,79.0,49.0,1024.6,1020.1,16.4,24.3,No,No
506,12.3,27.5,0.0,20.0,6.0,7.0,74.0,44.0,1022.8,1019.5,18.5,26.4,No,No
507,11.4,27.3,0.0,17.0,0.0,9.0,74.0,40.0,1023.6,1019.4,17.8,26.4,No,No
508,11.3,29.0,0.0,35.0,7.0,15.0,89.0,34.0,1020.5,1014.0,15.4,27.9,No,Yes
509,15.4,19.8,3.6,46.0,11.0,28.0,95.0,86.0,1013.4,1008.7,17.1,18.6,Yes,Yes
510,10.8,18.5,17.0,37.0,11.0,20.0,72.0,40.0,1016.2,1017.6,14.4,18.4,Yes,No
511,5.1,17.9,0.0,15.0,4.0,9.0,78.0,49.0,1026.5,1023.0,10.4,16.9,No,No
512,7.1,16.1,0.0,17.0,0.0,7.0,84.0,58.0,1020.9,1018.0,9.7,15.9,No,Yes
513,9.7,17.3,1.6,30.0,6.0,17.0,84.0,50.0,1022.0,1019.6,12.4,16.9,Yes,No
514,10.5,17.7,0.4,28.0,7.0,11.0,79.0,69.0,1021.9,1020.4,14.3,17.0,No,No
515,5.6,19.1,0.0,13.0,0.0,2.0,99.0,53.0,1026.8,1024.4,9.4,19.0,No,No
516,5.9,21.1,0.2,22.0,0.0,9.0,84.0,46.0,1027.9,1024.1,11.7,20.6,No,No
517,4.8,20.7,0.0,15.0,7.0,9.0,97.0,47.0,1026.7,1024.3,10.0,20.3,No,No
518,6.8,23.0,0.0,30.0,0.0,11.0,83.0,39.0,1027.1,1021.9,12.7,22.7,No,No
519,8.0,25.3,0.2,61.0,7.0,26.0,92.0,29.0,1017.8,1011.2,11.9,24.8,No,Yes
520,8.9,14.5,3.0,39.0,17.0,22.0,84.0,51.0,1016.1,1015.5,9.3,14.5,Yes,No
521,7.1,15.3,0.0,35.0,11.0,9.0,78.0,68.0,1022.3,1021.6,10.8,15.3,No,No
522,5.7,17.5,0.0,20.0,2.0,6.0,89.0,56.0,1024.7,1021.7,10.2,16.8,No,No
523,9.6,19.3,0.0,13.0,0.0,0.0,84.0,59.0,1023.7,1021.1,13.0,18.6,No,No
524,5.7,19.5,0.0,17.0,7.0,4.0,99.0,54.0,1023.4,1019.6,9.2,18.6,No,No
525,5.0,19.8,0.0,17.0,2.0,9.0,99.0,47.0,1020.8,1015.2,8.1,19.6,No,No
526,3.0,15.6,0.0,43.0,9.0,20.0,77.0,47.0,1012.5,1014.8,10.7,13.2,No,No
527,1.3,14.9,0.0,28.0,7.0,13.0,81.0,48.0,1022.8,1021.5,6.0,13.8,No,No
528,1.0,17.1,0.0,30.0,0.0,20.0,79.0,55.0,1024.1,1019.9,6.4,16.9,No,No
529,3.1,17.7,0.2,15.0,7.0,7.0,99.0,46.0,1021.2,1017.1,5.7,17.1,No,No
530,2.2,18.4,0.0,13.0,0.0,2.0,83.0,44.0,1019.9,1017.3,8.1,18.1,No,No
531,1.7,17.5,0.0,13.0,0.0,4.0,84.0,51.0,1021.6,1018.9,8.2,16.3,No,No
532,4.5,17.0,0.0,48.0,7.0,7.0,92.0,50.0,1021.1,1017.9,9.2,16.7,No,No
533,1.6,19.7,0.0,17.0,7.0,9.0,90.0,38.0,1020.9,1018.7,7.4,19.4,No,No
534,1.4,18.5,0.0,28.0,0.0,7.0,86.0,39.0,1024.1,1021.3,6.6,18.4,No,No
535,2.1,16.5,0.0,13.0,0.0,4.0,88.0,44.0,1023.8,1020.4,6.8,16.1,No,No
536,1.7,17.9,0.0,15.0,0.0,9.0,92.0,42.0,1022.3,1019.3,7.6,17.5,No,No
537,1.1,17.1,0.0,22.0,0.0,7.0,76.0,45.0,1023.3,1020.5,6.3,16.1,No,No
538,0.9,18.1,0.0,24.0,4.0,13.0,76.0,35.0,1023.5,1019.2,6.6,17.8,No,No
539,5.2,16.3,0.0,20.0,9.0,9.0,74.0,73.0,1017.6,1013.3,10.3,15.0,No,Yes
540,10.2,14.9,10.4,26.0,7.0,7.0,88.0,99.0,1008.7,1005.0,13.5,12.8,Yes,Yes
541,8.4,19.0,13.4,30.0,11.0,6.0,71.0,50.0,1008.9,1010.1,14.9,18.9,Yes,No
542,5.7,16.6,0.2,11.0,0.0,9.0,92.0,59.0,1019.6,1018.0,9.7,16.5,No,No
543,6.4,17.0,0.0,22.0,0.0,13.0,96.0,63.0,1019.4,1014.3,9.4,17.0,No,Yes
544,9.4,15.0,28.0,26.0,9.0,11.0,99.0,89.0,1005.7,1002.8,12.1,14.0,Yes,Yes
545,8.8,20.2,5.8,46.0,11.0,31.0,99.0,47.0,1004.7,1004.8,10.8,19.6,Yes,No
546,10.7,19.1,0.0,48.0,19.0,15.0,54.0,48.0,1015.2,1014.8,15.0,18.4,No,No
547,4.2,16.6,0.0,13.0,0.0,7.0,89.0,58.0,1020.7,1018.5,8.3,16.1,No,No
548,4.3,17.7,0.0,13.0,0.0,4.0,93.0,60.0,1022.3,1020.6,8.6,16.8,No,No
549,3.4,17.7,0.0,17.0,0.0,7.0,79.0,50.0,1026.5,1023.5,8.9,17.2,No,No
550,3.1,18.4,0.0,19.0,0.0,11.0,82.0,53.0,1023.6,1019.4,8.7,18.1,No,No
551,1.7,10.2,0.0,17.0,7.0,11.0,99.0,84.0,1018.7,1015.8,5.1,8.9,No,No
552,5.0,15.8,0.0,13.0,7.0,7.0,97.0,61.0,1020.6,1020.4,6.2,14.6,No,No
553,0.4,14.0,0.0,17.0,0.0,9.0,80.0,50.0,1026.7,1024.3,4.2,13.3,No,No
554,3.1,12.2,0.0,19.0,2.0,11.0,89.0,49.0,1023.7,1019.5,5.3,11.6,No,No
555,5.3,8.4,0.0,37.0,11.0,13.0,81.0,92.0,1012.9,1011.1,7.8,7.9,No,Yes
556,4.9,12.9,2.4,44.0,15.0,19.0,85.0,57.0,1021.2,1021.1,7.2,12.5,Yes,No
557,7.2,13.2,0.0,28.0,6.0,13.0,82.0,66.0,1023.0,1019.7,9.2,12.8,No,No
558,0.0,13.3,0.0,22.0,0.0,4.0,95.0,51.0,1025.4,1024.3,3.3,12.3,No,No
559,-1.0,13.1,0.0,11.0,6.0,9.0,83.0,47.0,1031.8,1030.7,4.1,12.0,No,No
560,-2.0,13.2,0.0,17.0,0.0,6.0,85.0,50.0,1035.2,1032.0,2.2,12.6,No,No
561,-0.3,12.8,0.0,11.0,2.0,9.0,92.0,65.0,1032.3,1028.3,3.4,12.4,No,No
562,1.5,15.5,0.0,52.0,4.0,9.0,91.0,73.0,1027.4,1022.1,7.4,13.5,No,Yes
563,7.4,16.2,11.6,94.0,30.0,30.0,82.0,65.0,1010.0,1010.4,13.0,11.0,Yes,Yes
564,3.0,12.2,2.2,24.0,7.0,13.0,88.0,70.0,1019.6,1018.0,6.9,10.9,Yes,Yes
565,6.9,15.2,1.8,35.0,17.0,20.0,95.0,66.0,1019.4,1019.6,10.3,14.4,Yes,No
566,3.6,13.1,0.0,39.0,0.0,2.0,98.0,86.0,1027.2,1026.7,7.7,12.7,No,No
567,5.0,12.5,0.4,17.0,9.0,9.0,99.0,83.0,1034.5,1033.8,7.4,11.8,No,No
568,3.0,14.8,0.0,15.0,0.0,7.0,94.0,61.0,1037.3,1035.2,6.1,14.7,No,No
569,3.5,16.5,0.0,20.0,0.0,7.0,89.0,52.0,1036.9,1032.9,7.2,15.5,No,No
570,3.4,17.0,0.0,24.0,4.0,17.0,85.0,56.0,1030.1,1024.7,8.3,16.9,No,No
571,7.0,16.1,0.0,31.0,9.0,2.0,83.0,95.0,1021.9,1018.6,12.1,13.2,No,Yes
572,6.2,12.1,10.2,35.0,4.0,4.0,86.0,71.0,1020.5,1020.5,7.6,11.1,Yes,No
573,0.6,11.9,0.2,22.0,2.0,11.0,99.0,54.0,1024.3,1021.8,2.8,11.5,No,No
574,-0.6,8.3,0.0,52.0,7.0,9.0,99.0,70.0,1022.7,1020.3,2.3,8.2,No,No
575,2.3,9.4,0.0,20.0,9.0,13.0,71.0,57.0,1021.2,1019.4,6.5,9.1,No,No
576,5.1,9.8,0.2,24.0,6.0,9.0,81.0,78.0,1020.7,1019.6,6.3,8.8,No,Yes
577,3.2,11.9,1.2,13.0,0.0,6.0,99.0,67.0,1025.2,1024.3,5.5,10.4,Yes,No
578,0.2,10.9,0.2,19.0,2.0,7.0,99.0,70.0,1027.6,1024.0,3.2,10.2,No,No
579,1.0,10.3,0.0,11.0,0.0,2.0,99.0,76.0,1030.5,1029.8,3.7,10.0,No,No
580,1.5,10.8,0.0,13.0,4.0,0.0,99.0,77.0,1032.5,1029.0,3.1,10.0,No,No
581,1.8,12.1,0.2,22.0,7.0,0.0,99.0,70.0,1027.5,1022.8,2.4,11.7,No,Yes
582,2.3,13.9,5.6,35.0,7.0,15.0,94.0,56.0,1020.9,1019.2,6.7,13.8,Yes,No
583,1.5,13.5,0.0,50.0,0.0,7.0,99.0,64.0,1026.9,1025.1,3.0,12.6,No,No
584,2.1,14.8,0.4,13.0,0.0,6.0,99.0,50.0,1029.5,1026.6,4.1,14.6,No,No
585,0.0,14.6,0.0,15.0,0.0,7.0,90.0,57.0,1030.9,1027.1,4.8,14.1,No,No
586,1.5,16.1,0.0,46.0,6.0,28.0,96.0,61.0,1024.1,1019.5,5.0,15.0,No,Yes
587,5.0,15.4,13.4,28.0,4.0,11.0,99.0,62.0,1020.6,1019.6,11.8,15.2,Yes,No
588,3.5,15.3,0.2,13.0,9.0,0.0,99.0,62.0,1024.3,1021.0,5.9,15.1,No,No
589,3.5,16.3,0.0,59.0,7.0,13.0,98.0,93.0,1016.8,1008.9,6.2,12.0,No,Yes
590,6.2,10.0,21.4,57.0,24.0,19.0,82.0,91.0,1009.2,1008.7,8.5,9.1,Yes,Yes
591,3.4,12.2,11.0,43.0,13.0,15.0,85.0,63.0,1020.2,1022.0,6.9,11.4,Yes,No
592,0.6,13.1,0.0,48.0,2.0,2.0,99.0,56.0,1028.7,1026.3,2.9,13.0,No,No
593,-0.4,11.5,0.0,15.0,6.0,0.0,99.0,69.0,1029.2,1025.9,2.8,10.8,No,No
594,0.7,12.8,0.0,24.0,9.0,13.0,96.0,59.0,1023.1,1018.7,5.2,12.1,No,Yes
595,5.0,13.5,1.6,20.0,4.0,4.0,99.0,61.0,1018.8,1017.8,7.7,13.4,Yes,No
596,0.5,11.6,0.2,19.0,7.0,11.0,99.0,62.0,1025.4,1024.0,3.1,11.5,No,No
597,0.6,12.9,0.0,17.0,0.0,7.0,99.0,58.0,1029.3,1027.1,2.9,12.5,No,No
598,-0.5,13.8,0.0,19.0,0.0,11.0,89.0,51.0,1032.7,1030.7,4.0,12.4,No,No
599,0.1,15.7,0.0,17.0,7.0,9.0,99.0,61.0,1035.5,1032.0,4.1,15.2,No,No
600,1.0,14.6,0.0,22.0,6.0,13.0,99.0,60.0,1032.1,1028.9,4.5,14.2,No,No
601,2.5,14.3,0.2,20.0,4.0,2.0,99.0,58.0,1031.7,1029.1,4.5,13.8,No,No
602,1.9,14.9,0.2,19.0,0.0,9.0,99.0,52.0,1035.9,1034.1,3.7,14.6,No,No
603,-1.2,15.0,0.2,15.0,0.0,7.0,85.0,52.0,1036.1,1031.5,4.0,14.7,No,No
604,2.1,12.6,0.0,15.0,4.0,6.0,80.0,67.0,1027.8,1022.3,5.8,12.2,No,Yes
605,5.8,14.8,6.2,20.0,0.0,9.0,99.0,80.0,1018.5,1014.9,10.3,14.0,Yes,No
606,8.9,14.9,0.0,30.0,2.0,13.0,91.0,86.0,1015.5,1013.5,11.1,14.1,No,Yes
607,7.5,12.3,2.2,30.0,4.0,19.0,100.0,85.0,1013.7,1015.6,11.1,11.6,Yes,Yes
608,7.5,10.1,4.2,41.0,20.0,11.0,86.0,93.0,1016.3,1014.6,9.3,7.3,Yes,Yes
609,5.4,14.7,18.6,39.0,15.0,19.0,85.0,56.0,1019.5,1018.7,7.8,13.7,Yes,No
610,1.2,15.7,0.0,28.0,0.0,15.0,86.0,51.0,1023.2,1020.1,6.4,15.5,No,No
613,0.7,12.6,0.2,22.0,6.0,13.0,99.0,59.0,1024.5,1022.8,3.2,12.2,No,No
614,-0.6,13.1,0.2,15.0,0.0,9.0,83.0,54.0,1026.9,1023.3,4.6,12.7,No,No
615,-1.3,12.6,0.0,15.0,0.0,9.0,86.0,58.0,1022.2,1018.8,4.3,12.2,No,No
616,0.3,15.5,0.0,31.0,6.0,15.0,79.0,47.0,1022.4,1019.0,6.0,14.9,No,Yes
617,4.4,16.0,7.2,41.0,9.0,15.0,86.0,77.0,1013.9,1008.7,9.7,15.2,Yes,Yes
618,7.2,10.4,8.2,33.0,11.0,13.0,96.0,85.0,1006.2,1000.1,7.7,10.0,Yes,Yes
619,4.5,14.9,10.8,50.0,19.0,28.0,91.0,45.0,1005.7,1008.0,9.2,14.7,Yes,No
620,1.6,15.0,0.0,20.0,0.0,9.0,99.0,56.0,1016.7,1013.5,6.5,14.5,No,No
621,3.2,13.0,0.0,41.0,15.0,24.0,85.0,67.0,1014.4,1006.9,8.9,12.7,No,Yes
622,7.2,12.1,1.8,46.0,11.0,13.0,83.0,94.0,1004.5,1004.4,10.7,10.9,Yes,Yes
623,6.4,11.8,10.2,56.0,17.0,24.0,94.0,65.0,1013.8,1013.8,7.7,11.3,Yes,Yes
624,-1.0,12.1,3.8,15.0,0.0,9.0,87.0,55.0,1024.1,1020.4,4.5,11.3,Yes,No
625,1.3,11.8,0.2,31.0,0.0,20.0,92.0,86.0,1016.9,1006.3,5.0,8.7,No,Yes
626,5.0,15.1,15.4,57.0,15.0,30.0,85.0,56.0,1008.2,1007.8,11.6,14.5,Yes,Yes
627,4.5,11.7,2.0,46.0,20.0,30.0,82.0,58.0,1015.7,1014.8,6.4,10.4,Yes,No
628,6.3,12.9,0.0,39.0,17.0,19.0,86.0,68.0,1018.7,1017.8,7.0,12.0,No,No
629,2.1,15.3,0.2,26.0,7.0,15.0,87.0,49.0,1024.0,1020.5,7.6,14.3,No,No
630,4.1,12.8,0.2,17.0,6.0,7.0,91.0,61.0,1017.7,1012.6,6.4,12.0,No,Yes
631,6.4,13.3,1.8,67.0,19.0,22.0,90.0,55.0,1013.2,1010.3,9.4,11.7,Yes,Yes
632,4.2,10.7,1.8,65.0,13.0,24.0,87.0,65.0,1010.9,1005.5,5.4,10.1,Yes,Yes
633,5.4,11.8,9.6,50.0,20.0,15.0,84.0,70.0,1003.1,1001.0,7.3,11.2,Yes,Yes
634,6.8,13.4,4.0,43.0,20.0,20.0,75.0,55.0,1009.5,1012.2,9.0,12.3,Yes,No
635,0.9,14.4,0.0,22.0,6.0,4.0,99.0,58.0,1024.4,1024.0,4.1,13.3,No,No
636,1.9,15.2,0.0,15.0,2.0,6.0,85.0,57.0,1029.6,1027.2,7.1,14.1,No,No
637,2.3,15.4,0.0,20.0,0.0,9.0,84.0,51.0,1028.9,1025.2,7.4,15.2,No,No
638,2.9,14.2,0.0,20.0,6.0,13.0,89.0,61.0,1024.8,1020.4,7.2,13.4,No,No
639,7.1,15.1,0.0,17.0,7.0,6.0,86.0,71.0,1015.8,1014.9,11.2,14.2,No,No
640,10.0,16.8,0.8,33.0,0.0,9.0,92.0,68.0,1016.5,1016.0,10.9,16.1,No,No
641,7.1,17.6,0.0,26.0,17.0,17.0,65.0,55.0,1022.1,1017.5,10.2,17.2,No,Yes
642,10.1,17.7,21.8,70.0,24.0,24.0,96.0,87.0,1004.7,999.0,15.1,14.8,Yes,Yes
643,9.8,14.2,20.8,72.0,22.0,19.0,81.0,67.0,1011.7,1013.8,10.6,13.2,Yes,Yes
644,6.8,12.8,2.4,50.0,11.0,13.0,89.0,64.0,1019.7,1018.7,9.5,12.5,Yes,Yes
645,2.3,15.1,1.2,52.0,7.0,11.0,83.0,49.0,1026.2,1024.3,8.0,14.7,Yes,No
646,1.7,15.9,0.0,24.0,7.0,13.0,74.0,51.0,1026.9,1022.6,8.8,14.6,No,No
647,7.2,14.7,0.0,39.0,7.0,11.0,76.0,90.0,1015.6,1009.7,11.1,11.9,No,Yes
648,8.1,14.0,24.8,50.0,28.0,22.0,91.0,86.0,1004.5,1006.0,10.9,11.0,Yes,Yes
649,2.6,15.9,3.2,35.0,7.0,13.0,88.0,54.0,1020.2,1019.2,8.4,15.8,Yes,No
650,4.5,16.3,0.0,22.0,9.0,6.0,84.0,51.0,1022.5,1017.5,10.2,15.4,No,No
651,6.0,18.7,0.4,31.0,7.0,17.0,88.0,47.0,1017.1,1014.8,11.4,18.2,No,No
652,5.8,19.0,0.0,46.0,19.0,7.0,76.0,50.0,1014.7,1010.3,12.2,18.1,No,No
653,5.5,13.6,0.0,43.0,20.0,24.0,68.0,58.0,1015.2,1015.6,9.5,13.4,No,No
654,7.5,13.4,0.0,54.0,20.0,28.0,64.0,49.0,1019.2,1017.0,10.2,13.1,No,No
655,4.3,14.3,0.2,39.0,13.0,20.0,76.0,54.0,1024.0,1021.9,8.8,13.7,No,No
656,3.3,13.9,0.0,31.0,11.0,19.0,67.0,60.0,1021.8,1018.8,9.8,13.5,No,No
657,2.4,16.4,0.0,30.0,2.0,17.0,90.0,55.0,1022.7,1020.8,9.0,16.2,No,No
658,2.8,18.7,0.0,24.0,6.0,9.0,79.0,54.0,1026.1,1023.3,10.0,18.6,No,No
659,5.0,19.6,0.0,24.0,2.0,15.0,81.0,64.0,1025.2,1022.6,11.9,19.2,No,No
660,8.6,20.1,0.0,26.0,2.0,6.0,70.0,48.0,1025.8,1021.7,14.7,19.1,No,No
661,5.7,19.9,0.0,28.0,0.0,17.0,76.0,52.0,1024.4,1021.9,12.1,19.1,No,No
662,3.7,19.1,0.0,33.0,2.0,17.0,96.0,61.0,1023.9,1020.7,9.0,18.3,No,No
663,5.6,19.7,0.0,28.0,7.0,17.0,84.0,52.0,1018.6,1015.1,12.1,18.7,No,No
664,5.4,20.6,0.0,24.0,0.0,13.0,75.0,43.0,1020.5,1017.3,13.2,20.1,No,No
665,6.5,20.0,0.0,43.0,4.0,22.0,83.0,50.0,1014.1,1011.2,11.9,19.0,No,No
666,5.4,14.6,0.0,39.0,11.0,22.0,65.0,49.0,1016.0,1015.1,10.4,13.5,No,No
667,3.7,14.3,0.0,39.0,19.0,26.0,66.0,43.0,1021.4,1020.5,9.4,13.9,No,No
668,-0.1,14.6,0.0,28.0,9.0,17.0,59.0,45.0,1026.3,1023.7,9.5,14.0,No,No
669,4.1,17.4,0.0,20.0,7.0,11.0,71.0,42.0,1027.5,1024.6,9.9,16.5,No,No
670,4.8,21.1,0.0,37.0,13.0,15.0,61.0,47.0,1028.2,1025.1,13.7,20.8,No,No
671,7.4,23.0,0.0,35.0,2.0,20.0,72.0,45.0,1028.4,1025.0,13.4,22.3,No,No
672,8.2,23.2,0.0,35.0,6.0,15.0,85.0,52.0,1024.6,1020.4,13.2,22.5,No,No
673,10.1,25.9,0.0,24.0,7.0,9.0,78.0,52.0,1021.9,1019.5,16.3,23.8,No,No
674,11.1,24.9,0.0,69.0,11.0,20.0,80.0,52.0,1019.8,1014.4,17.4,24.5,No,Yes
675,7.3,15.9,10.0,46.0,20.0,26.0,64.0,42.0,1020.0,1020.7,10.0,15.5,Yes,No
676,4.2,19.0,0.0,30.0,2.0,15.0,59.0,49.0,1025.3,1023.0,10.9,17.3,No,No
677,5.4,20.8,0.0,17.0,2.0,4.0,83.0,49.0,1025.7,1023.6,9.9,19.7,No,No
678,8.2,23.2,0.0,39.0,6.0,19.0,71.0,42.0,1029.4,1028.1,14.8,22.3,No,No
679,7.6,23.7,0.0,37.0,15.0,19.0,60.0,45.0,1030.9,1027.2,15.4,23.2,No,No
680,14.5,19.9,0.8,31.0,7.0,19.0,91.0,66.0,1027.7,1023.9,14.7,19.5,No,Yes
681,14.7,18.0,11.4,30.0,11.0,11.0,92.0,94.0,1017.9,1013.7,16.2,16.7,Yes,Yes
682,12.7,19.1,19.0,24.0,4.0,6.0,92.0,69.0,1013.6,1010.3,14.0,18.0,Yes,Yes
683,13.8,18.6,22.2,63.0,28.0,4.0,93.0,90.0,989.8,982.9,18.5,17.1,Yes,Yes
684,4.8,12.8,32.8,52.0,20.0,28.0,72.0,61.0,1004.6,1008.3,6.4,11.2,Yes,No
685,6.3,15.4,0.0,35.0,15.0,17.0,77.0,56.0,1016.1,1016.3,9.5,14.7,No,No
686,9.2,17.4,0.0,39.0,2.0,20.0,74.0,50.0,1019.9,1019.4,12.5,17.1,No,No
687,4.8,19.0,0.0,22.0,6.0,11.0,78.0,49.0,1026.0,1024.8,10.9,18.2,No,No
688,5.7,21.8,0.0,20.0,0.0,11.0,80.0,51.0,1028.7,1025.0,11.9,19.9,No,No
689,8.0,23.3,0.0,20.0,0.0,11.0,75.0,47.0,1024.5,1020.8,13.5,22.9,No,No
690,9.5,25.8,0.0,30.0,6.0,17.0,77.0,49.0,1020.9,1016.9,14.9,25.2,No,No
691,14.8,19.0,0.4,28.0,6.0,15.0,81.0,77.0,1016.8,1016.8,17.4,17.2,No,Yes
692,8.2,22.2,2.4,26.0,19.0,9.0,65.0,51.0,1020.6,1018.7,14.2,21.1,Yes,No
693,10.9,22.2,0.0,22.0,4.0,11.0,77.0,47.0,1022.4,1018.5,14.6,20.8,No,No
694,8.8,23.5,0.0,33.0,7.0,20.0,80.0,35.0,1017.9,1015.6,14.8,23.0,No,Yes
695,10.2,22.3,1.6,35.0,11.0,17.0,81.0,46.0,1016.2,1015.4,15.6,21.6,Yes,No
696,8.8,23.6,0.0,26.0,7.0,7.0,73.0,48.0,1019.8,1016.4,15.0,21.9,No,No
697,10.3,25.6,0.0,39.0,7.0,24.0,70.0,44.0,1017.2,1012.6,17.1,25.5,No,Yes
698,16.0,19.5,3.4,33.0,7.0,19.0,95.0,96.0,1010.7,1008.4,17.6,18.6,Yes,Yes
699,13.8,18.7,50.8,52.0,17.0,22.0,78.0,67.0,1011.3,1012.0,15.5,17.6,Yes,Yes
700,10.2,18.9,1.2,35.0,6.0,19.0,79.0,52.0,1016.5,1013.8,12.5,17.5,Yes,No
701,7.1,20.3,0.0,44.0,11.0,24.0,73.0,51.0,1016.3,1014.7,12.1,20.2,No,No
702,10.7,18.0,0.0,35.0,9.0,26.0,63.0,49.0,1019.3,1018.2,14.4,16.9,No,No
703,10.1,18.8,0.0,33.0,13.0,15.0,61.0,48.0,1020.8,1019.0,13.3,18.2,No,No
704,11.1,21.0,0.0,44.0,19.0,13.0,53.0,37.0,1023.0,1019.6,15.0,20.5,No,No
705,7.5,22.9,0.0,31.0,15.0,6.0,59.0,42.0,1022.6,1018.6,14.4,20.9,No,No
706,9.3,24.5,0.0,54.0,9.0,19.0,73.0,46.0,1018.3,1013.8,15.9,24.1,No,Yes
707,14.7,24.7,2.2,31.0,11.0,20.0,71.0,64.0,1013.8,1014.7,19.4,23.4,Yes,No
708,11.6,27.7,0.0,46.0,7.0,11.0,69.0,47.0,1024.3,1021.4,18.4,26.0,No,No
709,15.5,29.0,0.0,46.0,7.0,17.0,76.0,45.0,1019.9,1015.0,21.5,28.2,No,No
710,15.2,30.5,0.6,28.0,9.0,13.0,73.0,47.0,1014.3,1010.0,20.6,29.2,No,No
711,17.5,31.3,0.0,41.0,20.0,26.0,60.0,41.0,1012.5,1008.7,24.4,30.4,No,No
712,21.1,26.9,0.0,61.0,13.0,24.0,63.0,78.0,1012.1,1011.0,24.4,24.8,No,Yes
713,19.2,22.6,52.6,26.0,15.0,15.0,93.0,73.0,1013.9,1013.2,19.2,22.1,Yes,Yes
714,15.9,23.1,2.4,37.0,19.0,19.0,84.0,32.0,1014.3,1011.7,16.7,22.6,Yes,No
715,11.4,20.8,0.0,33.0,11.0,19.0,56.0,42.0,1015.4,1013.8,15.8,19.8,No,No
716,8.8,23.3,0.0,43.0,4.0,17.0,65.0,34.0,1017.5,1014.5,15.6,22.0,No,No
717,9.1,24.8,0.0,37.0,6.0,22.0,68.0,36.0,1015.7,1013.5,16.0,24.0,No,No
718,12.1,25.5,0.0,26.0,17.0,11.0,56.0,39.0,1020.9,1019.8,17.1,24.2,No,No
719,12.0,27.3,0.0,26.0,7.0,9.0,63.0,39.0,1026.0,1022.1,18.3,25.5,No,No
720,12.7,29.7,0.0,22.0,11.0,9.0,70.0,29.0,1022.1,1019.1,20.0,29.5,No,No
721,14.7,29.9,0.0,26.0,7.0,7.0,59.0,36.0,1022.7,1019.5,22.0,29.2,No,No
722,14.8,29.4,0.0,31.0,22.0,17.0,49.0,34.0,1023.5,1020.5,23.2,28.4,No,No
723,18.1,30.1,0.0,35.0,20.0,11.0,46.0,31.0,1021.8,1018.8,24.0,29.5,No,No
724,18.9,27.6,0.0,44.0,7.0,15.0,47.0,57.0,1018.2,1017.0,23.9,25.7,No,Yes
725,17.9,24.2,4.0,39.0,13.0,9.0,92.0,68.0,1018.1,1015.5,18.5,23.6,Yes,Yes
726,14.8,27.6,19.2,44.0,9.0,6.0,77.0,66.0,1012.6,1008.5,20.6,22.7,Yes,Yes
727,17.8,21.4,18.8,44.0,17.0,17.0,86.0,89.0,1007.6,1007.9,18.5,19.4,Yes,Yes
728,13.6,22.6,14.8,43.0,20.0,22.0,69.0,51.0,1013.6,1012.7,16.6,21.7,Yes,Yes
729,14.4,23.3,1.6,35.0,22.0,13.0,69.0,81.0,1015.0,1014.3,17.4,19.5,Yes,Yes
730,16.7,23.9,12.0,24.0,11.0,9.0,72.0,73.0,1014.1,1013.3,19.6,20.6,Yes,No
731,16.1,26.6,0.6,50.0,9.0,11.0,70.0,90.0,1015.0,1013.3,21.3,19.0,No,Yes
732,15.7,27.3,18.4,41.0,13.0,15.0,71.0,75.0,1014.6,1011.3,21.3,21.4,Yes,Yes
733,17.3,29.9,1.2,44.0,2.0,17.0,65.0,48.0,1012.6,1009.3,22.5,28.6,Yes,No
734,16.6,31.6,0.0,28.0,4.0,13.0,63.0,31.0,1011.5,1008.2,23.1,30.7,No,No
735,18.9,30.4,0.0,43.0,11.0,19.0,63.0,38.0,1012.7,1008.9,23.3,29.3,No,No
736,21.3,29.8,0.0,43.0,24.0,26.0,50.0,44.0,1011.5,1008.8,25.5,29.0,No,Yes
737,20.3,29.7,3.2,61.0,22.0,35.0,82.0,55.0,1009.4,1005.0,21.4,29.1,Yes,Yes
738,18.0,26.7,25.6,39.0,11.0,20.0,85.0,50.0,1009.1,1007.2,20.5,26.0,Yes,No
739,16.7,22.5,0.0,46.0,13.0,26.0,59.0,38.0,1010.1,1008.7,19.1,21.9,No,No
740,11.2,24.3,0.0,43.0,17.0,24.0,59.0,35.0,1009.2,1004.5,15.6,22.8,No,No
741,15.0,22.2,0.0,46.0,24.0,24.0,54.0,33.0,1005.6,1006.3,17.7,22.0,No,No
742,10.5,26.2,0.0,33.0,7.0,11.0,65.0,32.0,1014.3,1012.5,17.0,24.2,No,No
743,13.7,28.8,0.0,24.0,6.0,7.0,67.0,36.0,1015.0,1010.4,18.6,27.6,No,No
744,16.1,31.1,0.0,35.0,15.0,11.0,57.0,28.0,1008.7,1003.6,24.3,29.8,No,No
745,15.1,25.6,0.4,43.0,20.0,26.0,72.0,21.0,1004.6,1003.8,17.6,24.7,No,No
746,10.3,25.9,0.0,46.0,6.0,26.0,62.0,31.0,1005.3,1002.1,17.7,24.1,No,No
747,14.0,20.8,1.0,76.0,19.0,35.0,64.0,52.0,1002.4,1002.8,16.9,18.7,No,Yes
748,10.4,18.0,3.0,61.0,9.0,13.0,71.0,55.0,998.8,994.3,15.0,17.4,Yes,Yes
749,8.6,20.5,6.2,52.0,20.0,22.0,79.0,50.0,1002.3,1004.3,10.8,18.6,Yes,Yes
750,9.9,21.2,1.6,41.0,15.0,19.0,68.0,48.0,1010.5,1011.5,14.3,19.3,Yes,No
751,9.4,25.9,0.0,28.0,6.0,11.0,71.0,37.0,1018.4,1015.7,16.6,24.2,No,No
752,12.3,29.2,0.0,41.0,0.0,20.0,62.0,24.0,1018.1,1017.4,19.8,28.1,No,No
753,13.9,30.8,0.0,31.0,15.0,9.0,47.0,33.0,1022.3,1018.2,20.6,29.4,No,No
754,19.3,29.1,0.0,35.0,15.0,24.0,60.0,72.0,1014.6,1009.9,23.2,23.4,No,No
755,17.5,30.0,1.0,43.0,6.0,30.0,75.0,35.0,1005.4,1000.5,22.2,28.4,No,No
756,11.3,22.2,0.0,57.0,13.0,31.0,57.0,38.0,1006.7,1007.1,16.3,22.0,No,No
757,9.1,26.7,0.0,37.0,17.0,11.0,49.0,35.0,1016.8,1014.2,15.1,24.7,No,No
758,13.5,31.0,0.0,30.0,19.0,13.0,57.0,28.0,1015.6,1012.8,21.9,29.6,No,No
759,14.8,34.0,0.0,41.0,9.0,24.0,55.0,25.0,1015.8,1013.3,21.7,33.5,No,No
760,15.7,38.1,0.0,46.0,2.0,9.0,55.0,22.0,1014.3,1010.7,23.3,36.7,No,No
761,23.2,35.8,0.0,26.0,13.0,9.0,46.0,29.0,1011.1,1009.2,26.8,32.8,No,No
762,20.1,31.1,0.6,35.0,2.0,15.0,45.0,27.0,1010.9,1009.5,25.1,30.2,No,No
763,13.6,29.4,0.0,35.0,19.0,11.0,56.0,28.0,1011.8,1009.3,20.2,28.4,No,No
764,13.9,29.2,0.0,24.0,11.0,11.0,53.0,38.0,1011.6,1007.8,19.9,27.9,No,No
765,16.0,28.9,0.0,31.0,4.0,9.0,57.0,31.0,1006.2,1004.3,22.0,26.8,No,No
766,16.5,31.6,0.0,30.0,19.0,13.0,48.0,34.0,1010.3,1007.7,21.4,30.0,No,No
767,16.1,30.7,0.0,26.0,17.0,6.0,51.0,42.0,1012.7,1010.1,23.4,29.3,No,No
768,17.8,32.0,0.0,31.0,0.0,11.0,66.0,40.0,1012.0,1009.1,22.9,31.1,No,No
769,20.1,33.0,0.0,61.0,17.0,22.0,55.0,41.0,1013.8,1010.6,26.7,32.5,No,Yes
770,20.1,32.0,35.0,37.0,19.0,11.0,68.0,40.0,1013.6,1010.0,24.1,31.2,Yes,Yes
771,21.6,26.4,1.4,37.0,13.0,15.0,81.0,87.0,1011.7,1009.4,22.5,23.0,Yes,Yes
772,21.5,28.9,5.0,44.0,19.0,11.0,66.0,84.0,1006.9,1006.2,25.5,24.5,Yes,Yes
773,22.1,30.6,14.2,41.0,6.0,28.0,86.0,59.0,1009.5,1006.5,24.4,29.5,Yes,Yes
774,24.0,25.5,2.4,52.0,33.0,22.0,61.0,90.0,1006.0,1006.0,24.5,21.2,Yes,Yes
775,19.9,31.4,13.8,24.0,4.0,11.0,83.0,34.0,1009.4,1007.4,22.3,29.6,Yes,No
776,18.5,33.7,0.0,31.0,2.0,13.0,71.0,46.0,1009.7,1005.1,23.8,32.6,No,No
777,19.8,26.9,0.0,48.0,19.0,24.0,70.0,36.0,1004.4,1003.3,21.6,26.5,No,No
778,12.9,27.2,0.0,28.0,6.0,9.0,64.0,43.0,1007.4,1005.9,17.9,25.5,No,No
779,12.9,29.3,0.0,28.0,4.0,9.0,70.0,36.0,1009.1,1007.8,19.1,26.9,No,No
780,16.1,31.9,0.0,22.0,13.0,13.0,63.0,38.0,1011.8,1009.4,21.4,29.5,No,No
781,17.8,32.5,0.0,37.0,9.0,6.0,60.0,40.0,1012.4,1009.9,24.9,32.0,No,No
782,19.8,34.6,0.0,43.0,13.0,13.0,60.0,37.0,1013.6,1010.3,25.3,33.0,No,No
783,20.7,31.4,0.0,39.0,11.0,7.0,53.0,41.0,1010.4,1006.1,24.6,30.9,No,No
784,19.8,30.6,0.0,35.0,0.0,15.0,68.0,29.0,1002.5,1001.5,22.2,30.4,No,No
785,14.9,32.0,0.0,28.0,4.0,15.0,60.0,30.0,1008.0,1006.6,21.1,30.3,No,No
786,21.1,34.4,0.0,39.0,9.0,20.0,63.0,40.0,1008.2,1009.6,25.1,33.4,No,No
787,14.3,31.6,0.0,39.0,0.0,19.0,60.0,30.0,1014.5,1013.7,19.8,29.5,No,No
788,12.6,32.3,0.0,28.0,13.0,9.0,56.0,20.0,1017.8,1015.9,20.6,30.6,No,No
789,14.5,32.0,0.0,35.0,7.0,9.0,59.0,32.0,1018.9,1017.2,21.5,30.2,No,No
790,16.7,35.4,0.0,28.0,9.0,17.0,68.0,31.0,1019.0,1015.6,23.0,33.4,No,No
791,19.9,38.2,0.0,24.0,7.0,17.0,56.0,25.0,1015.3,1011.4,25.3,37.3,No,No
792,20.5,39.8,0.0,61.0,6.0,28.0,57.0,16.0,1009.0,1005.2,27.2,38.8,No,No
793,21.9,33.7,0.0,41.0,17.0,20.0,77.0,49.0,1014.1,1011.1,25.4,32.0,No,Yes
794,21.9,36.0,3.4,31.0,0.0,7.0,74.0,50.0,1012.3,1011.6,25.8,33.9,Yes,Yes
795,22.5,28.2,2.6,81.0,4.0,9.0,80.0,99.0,1012.7,1011.1,24.8,23.4,Yes,Yes
796,20.4,23.0,99.2,28.0,11.0,4.0,97.0,95.0,1008.6,1007.3,22.5,22.5,Yes,Yes
797,14.7,21.5,51.0,43.0,19.0,22.0,81.0,45.0,1017.0,1019.6,14.7,19.1,Yes,No
798,10.8,25.5,0.0,26.0,15.0,7.0,58.0,40.0,1023.6,1019.5,14.5,23.9,No,No
799,13.4,27.3,0.0,22.0,7.0,11.0,66.0,50.0,1018.7,1016.6,18.5,26.4,No,No
800,15.0,29.4,0.0,20.0,6.0,9.0,66.0,43.0,1022.0,1019.8,18.7,27.1,No,No
801,17.0,29.7,0.0,28.0,9.0,17.0,79.0,55.0,1020.1,1016.1,19.8,27.9,No,Yes
802,19.8,24.8,39.8,54.0,15.0,9.0,98.0,94.0,1013.4,1011.5,20.4,22.0,Yes,Yes
803,18.7,28.5,28.2,28.0,7.0,19.0,88.0,57.0,1014.2,1012.9,19.6,28.2,Yes,No
804,15.1,28.6,0.0,24.0,11.0,7.0,73.0,50.0,1017.6,1016.5,20.6,27.6,No,No
805,14.5,29.2,0.0,20.0,6.0,9.0,57.0,45.0,1022.2,1019.9,19.4,27.6,No,No
806,16.4,28.0,0.0,24.0,7.0,9.0,69.0,40.0,1022.3,1018.6,20.5,26.7,No,No
807,18.9,22.0,0.2,31.0,0.0,13.0,80.0,85.0,1017.6,1016.1,20.7,20.6,No,Yes
808,18.9,29.2,5.8,30.0,0.0,4.0,90.0,55.0,1012.9,1010.8,19.9,28.1,Yes,No
809,19.3,30.7,0.0,52.0,13.0,15.0,68.0,51.0,1013.7,1010.3,22.0,30.4,No,Yes
810,21.7,29.0,12.2,59.0,17.0,20.0,91.0,67.0,1005.2,1004.5,22.1,27.4,Yes,Yes
811,16.7,25.7,12.8,43.0,13.0,26.0,80.0,50.0,1010.1,1009.7,19.4,25.2,Yes,No
812,10.1,22.5,0.0,41.0,19.0,20.0,62.0,40.0,1015.2,1015.2,13.6,21.7,No,No
813,12.3,25.2,0.0,69.0,15.0,9.0,53.0,43.0,1022.1,1020.5,15.0,23.2,No,No
814,12.6,28.0,0.2,28.0,7.0,11.0,66.0,43.0,1024.0,1020.0,16.8,26.7,No,No
815,13.9,29.2,0.0,28.0,2.0,13.0,76.0,43.0,1019.2,1015.5,18.9,27.7,No,No
816,16.5,29.8,0.0,24.0,2.0,7.0,75.0,36.0,1014.1,1011.5,19.2,29.2,No,No
817,15.6,30.9,0.0,33.0,6.0,7.0,70.0,36.0,1011.3,1008.6,19.6,30.2,No,No
818,19.6,24.8,0.2,20.0,6.0,7.0,87.0,87.0,1009.9,1009.0,20.4,21.1,No,Yes
819,17.9,30.0,11.8,20.0,7.0,11.0,85.0,55.0,1007.8,1003.7,20.4,28.5,Yes,No
820,16.0,22.8,0.0,44.0,22.0,30.0,82.0,40.0,1006.5,1009.1,16.0,21.6,No,No
821,8.8,23.4,0.0,24.0,11.0,11.0,67.0,41.0,1015.8,1012.8,13.0,22.3,No,No
822,8.4,22.3,0.0,37.0,4.0,22.0,77.0,45.0,1012.9,1011.6,13.4,21.3,No,No
823,8.6,22.1,0.0,33.0,6.0,20.0,79.0,42.0,1014.3,1013.6,13.2,21.0,No,No
824,11.5,25.0,0.0,30.0,19.0,13.0,58.0,30.0,1020.6,1019.4,15.6,24.9,No,No
825,9.6,25.3,0.0,22.0,0.0,9.0,68.0,38.0,1025.8,1022.8,15.0,23.6,No,No
826,10.6,26.6,0.0,31.0,4.0,9.0,73.0,42.0,1023.9,1019.2,16.2,25.8,No,No
827,11.4,28.7,0.0,30.0,6.0,17.0,71.0,34.0,1017.5,1013.2,16.8,28.0,No,No
828,16.8,27.0,0.0,30.0,0.0,15.0,61.0,57.0,1014.8,1013.0,22.3,23.9,No,Yes
829,18.7,20.8,13.4,22.0,9.0,13.0,92.0,95.0,1012.3,1011.9,19.8,19.6,Yes,Yes
830,16.8,27.0,10.2,30.0,0.0,13.0,90.0,54.0,1015.4,1013.7,19.0,26.2,Yes,No
831,17.2,28.2,0.6,37.0,0.0,19.0,88.0,56.0,1018.8,1017.1,19.8,27.0,No,No
832,19.6,29.3,0.6,54.0,0.0,13.0,87.0,61.0,1019.8,1017.2,21.8,28.8,No,Yes
833,18.2,26.9,19.8,19.0,7.0,7.0,96.0,61.0,1021.3,1019.2,19.6,26.2,Yes,No
834,16.3,28.4,0.2,24.0,7.0,11.0,81.0,56.0,1020.3,1017.0,19.4,26.6,No,No
835,17.1,28.2,0.4,30.0,6.0,19.0,87.0,37.0,1017.3,1015.5,19.8,28.0,No,No
836,12.1,25.9,0.2,22.0,7.0,7.0,84.0,51.0,1018.7,1016.0,15.4,24.6,No,No
837,12.8,26.3,0.0,20.0,9.0,11.0,77.0,47.0,1015.4,1012.4,16.2,25.2,No,No
838,13.3,27.4,0.0,24.0,13.0,15.0,74.0,43.0,1013.9,1010.6,17.4,26.7,No,No
839,13.9,28.1,0.0,57.0,13.0,9.0,71.0,46.0,1011.9,1008.4,19.4,27.4,No,No
840,18.2,25.9,0.0,30.0,4.0,15.0,75.0,59.0,1005.4,1002.5,19.3,24.9,No,No
841,18.6,26.8,0.0,37.0,0.0,13.0,82.0,58.0,1001.4,1000.3,20.1,26.0,No,No
842,16.3,20.1,0.0,37.0,15.0,22.0,76.0,63.0,1005.7,1005.3,16.4,18.4,No,Yes
843,13.9,22.0,8.0,44.0,13.0,19.0,90.0,64.0,1003.7,1003.8,15.7,20.7,Yes,No
844,13.3,22.1,0.0,43.0,17.0,17.0,77.0,49.0,1011.8,1012.6,14.9,20.9,No,No
845,9.6,24.2,0.0,26.0,2.0,4.0,67.0,43.0,1020.8,1019.7,15.1,22.7,No,No
846,9.8,23.0,0.0,19.0,0.0,7.0,69.0,47.0,1025.3,1023.6,13.9,22.4,No,No
847,10.2,24.7,0.0,20.0,2.0,11.0,81.0,45.0,1026.9,1023.8,14.2,23.5,No,No
848,11.5,25.7,0.0,26.0,0.0,11.0,86.0,52.0,1024.0,1020.2,14.8,24.3,No,No
849,12.3,25.8,0.0,33.0,9.0,6.0,87.0,55.0,1018.7,1015.6,15.6,24.1,No,No
850,7.2,22.1,0.2,24.0,0.0,7.0,83.0,47.0,1022.8,1021.5,11.6,21.4,No,No
851,8.7,20.4,0.0,15.0,0.0,9.0,81.0,66.0,1019.6,1016.3,12.8,19.5,No,No
852,12.3,22.3,0.0,24.0,0.0,7.0,90.0,57.0,1016.5,1014.3,13.9,19.4,No,No
853,9.0,21.9,0.0,28.0,0.0,0.0,74.0,46.0,1016.6,1014.5,14.6,21.6,No,No
854,6.7,19.0,0.6,28.0,0.0,19.0,85.0,47.0,1019.6,1018.0,10.7,18.6,No,No
855,4.4,18.1,0.2,24.0,0.0,6.0,70.0,42.0,1024.3,1022.3,10.8,17.8,No,No
856,2.8,16.8,0.0,13.0,0.0,7.0,76.0,53.0,1025.4,1021.5,8.1,15.9,No,No
857,3.4,15.9,0.0,17.0,0.0,9.0,96.0,57.0,1020.7,1016.0,6.2,15.7,No,No
858,2.1,16.8,0.0,24.0,0.0,17.0,94.0,39.0,1016.0,1013.5,7.4,16.6,No,No
859,3.8,16.1,0.0,44.0,7.0,24.0,60.0,43.0,1017.9,1016.8,11.4,15.6,No,No
860,1.1,15.2,0.0,26.0,0.0,17.0,69.0,43.0,1019.3,1015.3,7.4,14.6,No,Yes
861,3.0,11.0,3.6,54.0,22.0,26.0,83.0,55.0,1010.6,1009.0,8.0,10.8,Yes,No
862,0.2,10.1,0.4,24.0,4.0,4.0,94.0,89.0,1015.3,1013.8,4.1,8.6,No,Yes
863,3.8,14.1,5.0,35.0,11.0,20.0,98.0,74.0,1015.0,1012.3,9.0,13.2,Yes,Yes
864,3.8,14.3,1.8,35.0,20.0,19.0,82.0,46.0,1020.7,1021.8,6.8,13.6,Yes,No
865,-0.7,13.7,0.0,15.0,0.0,9.0,95.0,57.0,1031.5,1029.9,3.3,12.3,No,No
866,0.8,11.2,0.0,20.0,4.0,7.0,99.0,74.0,1033.0,1030.5,4.2,10.9,No,No
867,0.5,15.8,0.0,15.0,0.0,4.0,85.0,54.0,1031.8,1028.1,5.4,14.7,No,No
868,2.3,17.9,0.0,20.0,7.0,7.0,99.0,48.0,1032.0,1029.2,7.1,17.6,No,No
869,2.7,16.0,0.0,13.0,0.0,6.0,91.0,55.0,1031.5,1028.8,6.6,15.9,No,No
870,4.5,18.6,0.0,15.0,0.0,7.0,93.0,48.0,1028.7,1024.9,7.7,18.1,No,No
871,3.3,20.5,0.0,19.0,0.0,9.0,85.0,50.0,1025.4,1020.7,8.0,19.6,No,No
872,5.8,22.0,0.0,46.0,0.0,20.0,94.0,53.0,1017.0,1009.3,10.2,20.4,No,Yes
873,10.2,15.0,17.4,44.0,19.0,20.0,88.0,85.0,1002.9,1000.5,13.2,14.0,Yes,Yes
874,8.9,15.6,3.6,26.0,15.0,7.0,85.0,65.0,1007.8,1008.2,10.0,14.8,Yes,No
875,3.1,14.7,0.0,30.0,11.0,17.0,74.0,47.0,1017.3,1016.1,7.3,14.3,No,No
876,1.3,14.9,0.0,26.0,0.0,20.0,75.0,52.0,1020.5,1018.6,6.6,13.6,No,No
877,1.9,13.8,0.0,17.0,2.0,11.0,99.0,65.0,1021.9,1020.6,6.1,12.8,No,No
878,2.6,13.9,0.0,15.0,0.0,11.0,99.0,72.0,1025.4,1023.5,6.1,13.0,No,No
879,2.5,14.8,0.0,11.0,4.0,0.0,99.0,63.0,1026.5,1023.4,4.7,14.1,No,No
880,3.6,15.9,0.0,26.0,0.0,11.0,76.0,51.0,1025.9,1023.2,8.7,15.8,No,No
881,2.8,19.4,0.0,22.0,0.0,9.0,73.0,48.0,1024.8,1022.0,8.0,19.2,No,No
882,3.1,19.8,0.0,17.0,0.0,11.0,86.0,53.0,1028.0,1025.1,8.8,19.1,No,No
883,2.9,17.6,0.0,15.0,7.0,9.0,99.0,58.0,1027.8,1023.4,7.7,17.3,No,No
884,4.3,18.3,0.0,20.0,6.0,11.0,97.0,57.0,1020.6,1016.4,8.5,17.4,No,Yes
885,8.5,14.8,8.8,24.0,9.0,11.0,95.0,72.0,1016.3,1015.6,10.9,13.8,Yes,No
886,2.2,12.0,0.0,28.0,0.0,15.0,98.0,75.0,1018.7,1014.7,6.7,11.5,No,Yes
887,4.9,12.8,2.0,26.0,9.0,15.0,77.0,50.0,1017.9,1018.0,6.8,12.4,Yes,No
888,-0.5,9.8,0.0,52.0,4.0,13.0,97.0,79.0,1019.3,1014.3,3.1,9.0,No,Yes
889,1.5,10.2,2.6,37.0,13.0,22.0,89.0,63.0,1019.2,1017.3,3.0,9.7,Yes,No
890,2.9,14.6,0.0,33.0,13.0,17.0,89.0,51.0,1018.1,1016.2,7.2,13.7,No,No
891,-1.1,14.0,0.0,20.0,0.0,13.0,85.0,46.0,1021.3,1021.7,4.3,13.9,No,No
892,-1.4,13.9,0.0,26.0,0.0,17.0,82.0,50.0,1028.7,1026.6,3.5,13.7,No,No
893,1.0,16.1,0.2,28.0,0.0,17.0,76.0,49.0,1029.1,1026.0,7.6,16.0,No,No
894,-0.3,15.9,0.0,20.0,0.0,11.0,91.0,41.0,1027.3,1024.5,4.3,15.7,No,No
895,1.7,16.7,0.0,35.0,7.0,19.0,78.0,45.0,1025.3,1023.7,8.2,16.5,No,No
896,0.5,16.9,0.0,15.0,2.0,7.0,82.0,48.0,1027.0,1024.7,5.8,16.8,No,No
897,1.0,16.1,0.0,46.0,0.0,6.0,89.0,52.0,1023.6,1018.4,4.8,16.0,No,No
898,3.0,12.6,1.0,35.0,11.0,15.0,92.0,68.0,1010.6,1010.1,7.5,11.5,No,No
899,5.7,12.5,0.2,28.0,13.0,11.0,91.0,85.0,1015.1,1014.5,7.9,11.1,No,No
900,3.3,11.8,0.0,20.0,0.0,7.0,99.0,92.0,1017.7,1015.2,7.6,11.4,No,Yes
901,7.6,14.6,3.6,46.0,6.0,19.0,86.0,67.0,1015.4,1010.8,10.4,14.1,Yes,Yes
902,6.6,11.6,10.6,65.0,11.0,28.0,93.0,58.0,1002.0,1003.9,6.8,10.3,Yes,No
903,5.9,11.1,0.6,43.0,19.0,19.0,93.0,69.0,1013.3,1013.6,6.3,10.4,No,Yes
904,6.2,14.2,3.4,43.0,19.0,17.0,85.0,70.0,1020.2,1020.9,11.0,13.3,Yes,No
905,2.9,13.1,0.0,15.0,6.0,7.0,99.0,87.0,1028.3,1027.8,6.4,11.9,No,No
906,5.5,15.5,0.4,13.0,7.0,6.0,99.0,65.0,1031.0,1028.1,8.0,14.8,No,No
907,3.2,15.7,0.0,24.0,6.0,13.0,99.0,55.0,1029.2,1025.1,5.7,14.6,No,No
908,0.9,16.4,0.0,13.0,0.0,0.0,99.0,47.0,1030.5,1028.7,4.3,16.2,No,No
909,-0.2,15.2,0.0,15.0,0.0,7.0,98.0,52.0,1035.7,1032.6,3.6,15.2,No,No
910,0.9,16.6,0.0,17.0,0.0,6.0,81.0,50.0,1037.4,1035.1,5.6,16.1,No,No
911,0.3,15.2,0.0,20.0,0.0,9.0,92.0,53.0,1038.9,1034.2,5.4,15.1,No,No
912,0.3,14.1,0.0,13.0,2.0,4.0,99.0,59.0,1033.6,1028.7,3.9,13.8,No,No
913,0.2,15.2,0.0,20.0,4.0,9.0,99.0,63.0,1026.7,1020.9,3.7,14.5,No,No
914,2.9,14.8,0.0,48.0,6.0,7.0,98.0,80.0,1018.7,1014.3,6.3,12.8,No,Yes
915,6.3,14.8,15.4,69.0,7.0,35.0,85.0,54.0,1013.2,1009.1,10.7,14.1,Yes,Yes
916,6.9,11.2,3.8,59.0,26.0,28.0,84.0,73.0,1010.1,1008.8,7.8,10.6,Yes,Yes
917,7.0,10.8,1.2,61.0,17.0,19.0,94.0,87.0,1010.8,1007.7,7.9,10.0,Yes,Yes
918,6.8,11.2,4.4,52.0,15.0,24.0,85.0,54.0,1013.9,1018.3,7.5,10.6,Yes,No
919,-0.5,8.3,0.0,28.0,0.0,15.0,93.0,64.0,1026.0,1024.7,4.3,8.0,No,Yes
920,4.3,9.2,4.2,28.0,13.0,19.0,94.0,87.0,1022.2,1021.1,7.4,8.1,Yes,No
921,6.4,11.0,0.0,46.0,19.0,28.0,78.0,68.0,1017.7,1012.6,7.0,10.5,No,Yes
922,4.7,11.8,6.6,30.0,15.0,19.0,85.0,64.0,1022.2,1022.7,5.7,11.2,Yes,No
923,5.7,10.5,0.0,28.0,0.0,19.0,83.0,64.0,1025.4,1023.4,7.7,9.8,No,No
924,7.1,9.8,0.0,30.0,15.0,17.0,91.0,88.0,1021.6,1020.1,7.2,8.7,No,Yes
925,-0.3,12.6,4.0,15.0,6.0,2.0,99.0,65.0,1029.3,1029.7,4.0,10.7,Yes,No
926,-1.6,12.1,0.0,17.0,0.0,7.0,95.0,46.0,1036.6,1033.3,2.6,12.0,No,No
927,0.2,14.1,0.0,20.0,0.0,9.0,78.0,56.0,1031.3,1026.3,5.3,13.7,No,No
928,5.3,11.1,0.0,31.0,7.0,9.0,86.0,95.0,1024.0,1021.2,8.4,9.5,No,Yes
929,8.4,11.0,8.8,33.0,17.0,7.0,92.0,85.0,1018.8,1018.3,8.6,8.6,Yes,Yes
930,0.4,14.5,1.8,13.0,4.0,0.0,99.0,66.0,1020.4,1017.8,3.4,14.0,Yes,No
931,0.3,16.7,0.2,33.0,2.0,19.0,99.0,54.0,1021.5,1020.2,3.6,15.8,No,No
932,3.5,17.2,0.0,26.0,4.0,11.0,75.0,46.0,1022.2,1020.0,8.8,16.8,No,No
933,6.9,15.6,0.0,33.0,17.0,15.0,56.0,45.0,1023.5,1021.4,12.5,15.3,No,No
934,0.1,14.6,0.0,19.0,0.0,11.0,72.0,45.0,1024.7,1021.6,5.8,14.3,No,No
935,1.6,9.3,0.2,19.0,0.0,11.0,93.0,81.0,1021.0,1018.2,5.5,8.9,No,Yes
936,5.5,13.2,16.2,26.0,9.0,11.0,99.0,80.0,1016.6,1015.8,8.0,12.2,Yes,Yes
937,4.1,14.1,2.2,28.0,2.0,11.0,99.0,63.0,1022.3,1022.0,7.0,12.6,Yes,No
938,0.5,14.5,0.0,15.0,0.0,7.0,99.0,49.0,1030.1,1028.8,4.3,14.2,No,No
939,0.2,13.1,0.0,41.0,6.0,6.0,99.0,59.0,1031.0,1027.6,2.9,12.6,No,No
940,-1.4,14.7,0.0,17.0,2.0,9.0,92.0,52.0,1028.9,1024.7,3.6,14.1,No,No
941,0.6,16.1,0.2,19.0,2.0,13.0,89.0,54.0,1024.6,1020.0,4.9,15.8,No,No
942,4.9,14.7,1.0,20.0,2.0,15.0,96.0,76.0,1021.7,1019.8,8.8,13.8,No,No
943,3.4,19.0,0.0,20.0,0.0,11.0,92.0,55.0,1021.6,1018.5,8.7,18.9,No,No
944,6.5,20.6,0.0,26.0,0.0,13.0,90.0,44.0,1022.2,1018.0,10.7,19.5,No,No
945,3.9,21.5,0.2,28.0,0.0,15.0,92.0,43.0,1022.2,1019.9,9.0,21.3,No,No
946,7.1,22.9,0.0,35.0,7.0,24.0,64.0,37.0,1024.0,1021.4,14.7,22.7,No,No
947,5.6,20.7,0.0,44.0,7.0,24.0,65.0,42.0,1023.0,1018.1,13.9,20.3,No,Yes
948,9.9,12.9,14.6,30.0,7.0,6.0,99.0,92.0,1019.4,1014.8,10.3,12.4,Yes,Yes
949,5.3,11.1,4.2,28.0,9.0,7.0,96.0,84.0,1016.4,1013.2,7.6,9.6,Yes,Yes
950,7.1,12.3,8.2,24.0,6.0,13.0,95.0,76.0,1011.9,1009.5,7.6,9.7,Yes,Yes
951,3.1,10.1,1.2,24.0,2.0,13.0,89.0,76.0,1010.2,1008.4,6.3,9.9,Yes,Yes
952,6.3,10.9,3.6,19.0,4.0,13.0,89.0,83.0,1009.3,1006.9,8.9,10.4,Yes,Yes
953,3.4,16.8,2.8,37.0,4.0,22.0,84.0,50.0,1012.0,1012.3,7.4,16.7,Yes,No
954,1.6,16.3,0.0,24.0,4.0,15.0,74.0,43.0,1020.7,1019.5,6.9,16.2,No,No
955,0.7,13.4,0.0,13.0,0.0,7.0,91.0,65.0,1025.0,1023.1,5.8,13.0,No,No
956,4.3,17.3,0.0,22.0,0.0,4.0,88.0,50.0,1027.1,1024.0,8.2,16.3,No,Yes
957,3.9,13.8,1.2,15.0,6.0,7.0,86.0,73.0,1025.6,1021.7,9.3,13.3,Yes,No
958,9.0,19.4,0.2,24.0,0.0,13.0,80.0,45.0,1020.8,1016.2,11.8,18.7,No,Yes
959,7.1,12.6,5.6,44.0,4.0,28.0,95.0,91.0,1011.8,1005.7,10.4,11.8,Yes,Yes
960,7.4,10.8,30.8,35.0,19.0,15.0,90.0,91.0,1010.7,1010.2,7.5,9.6,Yes,No
961,6.9,19.3,0.8,28.0,11.0,19.0,88.0,49.0,1021.0,1020.7,8.2,19.1,No,No
962,3.2,17.3,0.0,22.0,7.0,9.0,62.0,32.0,1031.5,1030.4,11.2,16.6,No,No
963,2.1,18.0,0.0,20.0,6.0,11.0,79.0,46.0,1037.3,1034.6,8.9,17.4,No,No
964,1.8,17.7,0.0,22.0,6.0,7.0,79.0,47.0,1039.9,1036.0,8.8,17.1,No,No
965,2.5,16.9,0.0,17.0,7.0,9.0,99.0,56.0,1037.3,1032.6,6.4,16.1,No,No
966,2.4,17.5,0.0,17.0,11.0,6.0,99.0,56.0,1031.4,1026.7,6.6,16.8,No,No
967,2.5,20.7,0.0,31.0,7.0,19.0,99.0,48.0,1025.6,1020.6,7.2,20.2,No,No
968,1.9,16.6,0.0,24.0,6.0,13.0,99.0,36.0,1025.6,1023.2,6.5,16.4,No,No
969,0.8,16.8,0.0,31.0,2.0,17.0,71.0,42.0,1023.7,1019.9,8.2,16.4,No,No
970,0.4,16.2,0.0,24.0,0.0,7.0,72.0,44.0,1022.8,1018.7,7.3,15.8,No,No
971,1.4,15.9,0.0,26.0,2.0,19.0,80.0,59.0,1019.2,1018.2,8.2,15.6,No,No
972,0.6,15.7,0.0,20.0,0.0,7.0,99.0,47.0,1024.3,1022.1,5.4,15.0,No,No
973,0.4,15.8,0.0,26.0,6.0,19.0,87.0,56.0,1025.4,1023.2,6.5,15.6,No,No
974,2.6,18.3,0.0,15.0,6.0,4.0,82.0,42.0,1025.6,1023.0,9.3,17.9,No,No
975,2.8,20.4,0.0,17.0,7.0,7.0,65.0,31.0,1028.4,1025.3,10.4,19.6,No,No
976,2.6,19.6,0.0,30.0,4.0,20.0,71.0,44.0,1028.4,1023.6,10.2,18.8,No,No
977,6.5,16.8,0.0,31.0,9.0,11.0,65.0,68.0,1024.2,1021.8,14.5,15.6,No,Yes
978,4.8,21.4,3.2,31.0,0.0,22.0,86.0,52.0,1024.5,1020.2,10.8,20.7,Yes,Yes
979,10.8,18.8,5.0,56.0,24.0,33.0,55.0,71.0,1014.9,1014.1,16.7,12.1,Yes,No
980,-0.1,14.4,1.0,30.0,0.0,17.0,78.0,44.0,1021.3,1020.2,7.3,13.7,No,No
981,0.4,15.9,0.0,22.0,7.0,11.0,74.0,38.0,1022.7,1018.6,7.8,15.7,No,No
982,2.7,14.0,0.0,57.0,20.0,30.0,70.0,47.0,1013.1,1010.6,8.4,13.0,No,No
988,1.7,17.2,0.0,31.0,4.0,15.0,72.0,33.0,1023.3,1020.4,9.7,16.9,No,No
989,4.4,20.8,0.0,24.0,6.0,7.0,78.0,50.0,1017.8,1013.9,9.8,19.3,No,No
990,3.7,21.7,0.0,26.0,7.0,20.0,78.0,52.0,1017.5,1011.8,12.0,21.5,No,No
991,5.5,23.9,0.0,19.0,4.0,11.0,52.0,36.0,1015.6,1015.2,14.7,23.2,No,No
992,5.3,26.7,0.0,57.0,9.0,22.0,70.0,36.0,1015.5,1007.0,14.8,26.4,No,No
993,10.1,13.6,1.0,61.0,31.0,22.0,73.0,70.0,1008.8,1011.2,12.2,12.9,No,Yes
994,1.7,18.2,3.6,30.0,0.0,17.0,99.0,53.0,1022.6,1020.3,7.8,18.0,Yes,No
995,4.4,22.1,0.0,30.0,9.0,13.0,81.0,36.0,1023.4,1017.4,12.6,21.9,No,No
996,10.0,18.4,0.0,35.0,17.0,22.0,65.0,39.0,1017.9,1018.1,14.5,17.8,No,No
997,1.9,18.3,0.0,37.0,11.0,11.0,69.0,39.0,1020.3,1016.3,11.8,17.9,No,No
998,8.6,19.8,1.0,43.0,15.0,9.0,53.0,36.0,1022.2,1020.5,13.7,18.9,No,No
999,3.1,19.6,0.0,20.0,6.0,9.0,65.0,37.0,1025.0,1019.7,11.7,19.0,No,No
1000,7.0,21.3,0.0,35.0,7.0,20.0,72.0,44.0,1019.9,1014.4,13.3,20.5,No,No
1001,11.5,19.2,0.6,83.0,9.0,19.0,69.0,93.0,1008.7,1004.9,16.9,14.3,No,Yes
1002,10.7,12.3,28.4,59.0,30.0,20.0,84.0,89.0,996.3,996.2,11.2,10.0,Yes,Yes
1003,7.5,15.5,8.2,48.0,20.0,20.0,84.0,59.0,1006.1,1003.7,10.1,15.1,Yes,Yes
1004,8.2,13.5,3.8,26.0,9.0,11.0,85.0,80.0,1005.8,1007.1,10.5,13.0,Yes,Yes
1005,4.2,17.6,5.8,35.0,13.0,17.0,69.0,47.0,1018.4,1018.1,11.3,14.8,Yes,No
1006,2.9,18.3,0.8,22.0,9.0,9.0,67.0,40.0,1024.7,1022.1,9.4,17.5,No,No
1007,4.1,19.3,0.0,24.0,6.0,4.0,74.0,47.0,1024.9,1021.9,10.5,19.1,No,No
1008,5.6,17.8,0.0,19.0,4.0,13.0,89.0,59.0,1020.5,1016.4,10.2,17.4,No,No
1009,10.2,16.0,0.0,13.0,9.0,4.0,87.0,80.0,1014.8,1012.6,13.0,15.0,No,Yes
1010,11.1,21.4,4.2,41.0,7.0,7.0,88.0,53.0,1013.2,1010.1,13.3,19.9,Yes,No
1011,8.7,21.8,0.0,33.0,4.0,24.0,79.0,50.0,1012.2,1009.5,13.5,21.3,No,No
1012,10.7,18.6,0.0,46.0,13.0,28.0,89.0,57.0,1010.1,1007.4,12.6,18.4,No,Yes
1015,2.6,20.3,0.0,24.0,6.0,11.0,81.0,31.0,1018.8,1016.8,8.9,18.3,No,No
1016,5.3,23.2,0.0,28.0,6.0,7.0,73.0,47.0,1021.2,1017.9,12.4,22.2,No,No
1017,10.0,24.3,0.0,28.0,11.0,13.0,74.0,54.0,1017.2,1012.3,15.8,23.3,No,No
1018,10.3,25.5,0.0,43.0,4.0,19.0,77.0,53.0,1009.9,1007.5,17.1,23.7,No,No
1019,9.1,18.7,0.0,50.0,24.0,33.0,58.0,34.0,1017.9,1020.5,12.7,17.3,No,No
1020,4.3,20.3,0.0,22.0,11.0,7.0,64.0,29.0,1032.4,1030.9,10.2,18.3,No,No
1021,5.2,23.7,0.0,22.0,7.0,7.0,69.0,35.0,1033.4,1029.7,12.7,23.0,No,No
1022,5.7,25.7,0.0,20.0,4.0,11.0,63.0,42.0,1030.1,1026.1,14.1,24.9,No,No
1023,8.3,28.0,0.0,31.0,6.0,13.0,68.0,34.0,1026.8,1021.7,16.6,27.5,No,No
1024,11.3,24.7,0.0,35.0,6.0,11.0,77.0,47.0,1023.7,1022.7,17.9,23.6,No,No
1025,13.3,25.9,0.0,22.0,2.0,11.0,85.0,48.0,1023.9,1020.8,15.6,25.3,No,No
1026,11.7,30.9,0.0,24.0,2.0,11.0,66.0,27.0,1020.7,1015.4,18.3,30.3,No,No
1027,18.0,28.4,0.0,43.0,17.0,13.0,46.0,49.0,1010.0,1006.3,23.8,26.7,No,Yes
1028,11.9,20.6,12.2,39.0,15.0,20.0,85.0,60.0,1010.8,1012.5,13.0,19.3,Yes,No
1029,11.7,23.3,0.0,28.0,7.0,9.0,57.0,46.0,1020.2,1018.3,16.2,21.9,No,No
1030,8.8,23.8,0.0,28.0,9.0,15.0,63.0,43.0,1022.5,1017.9,15.4,22.6,No,No
1031,12.4,25.9,0.0,31.0,11.0,19.0,80.0,56.0,1016.1,1011.5,16.7,24.7,No,Yes
1032,16.7,25.0,1.2,44.0,9.0,20.0,91.0,63.0,1010.4,1009.9,18.4,24.0,Yes,No
1033,9.9,20.1,0.0,50.0,17.0,28.0,74.0,54.0,1015.2,1015.6,13.1,19.1,No,No
1034,6.4,23.1,0.0,30.0,19.0,13.0,60.0,41.0,1022.8,1019.6,14.1,21.3,No,No
1035,9.3,24.8,0.0,41.0,9.0,15.0,62.0,39.0,1019.8,1015.2,15.7,23.4,No,No
1036,11.4,22.2,0.0,46.0,11.0,28.0,64.0,51.0,1013.9,1011.1,14.9,21.2,No,No
1037,9.3,22.3,0.0,39.0,9.0,20.0,61.0,29.0,1013.5,1012.4,14.5,21.9,No,No
1038,8.1,26.6,0.0,24.0,9.0,11.0,57.0,36.0,1018.4,1015.5,16.0,24.5,No,No
1039,9.8,29.6,0.0,35.0,11.0,17.0,72.0,36.0,1016.9,1012.5,18.5,28.7,No,No
1040,13.8,32.9,0.0,50.0,7.0,15.0,63.0,44.0,1011.2,1006.4,21.7,27.1,No,Yes
1041,15.8,28.5,5.4,30.0,4.0,17.0,83.0,47.0,1013.1,1011.0,21.4,27.5,Yes,No
1042,16.7,30.1,0.0,39.0,7.0,13.0,72.0,43.0,1009.9,1009.6,22.7,28.8,No,No
1043,15.7,31.2,0.0,78.0,4.0,24.0,85.0,51.0,1013.4,1008.8,19.8,28.9,No,Yes
1044,13.9,22.8,34.8,61.0,24.0,22.0,87.0,38.0,1011.7,1015.5,15.9,21.6,Yes,No
1045,9.6,25.3,0.0,35.0,7.0,13.0,72.0,30.0,1023.5,1020.3,16.4,24.0,No,No
1046,12.5,27.0,0.0,33.0,6.0,19.0,65.0,32.0,1019.0,1016.0,18.8,26.7,No,No
1047,13.0,28.3,0.0,31.0,6.0,6.0,66.0,32.0,1015.7,1011.7,19.7,28.0,No,No
1048,16.1,28.3,0.0,46.0,19.0,30.0,49.0,31.0,1006.1,1008.3,25.2,27.6,No,No
1049,11.9,29.3,0.0,37.0,2.0,19.0,65.0,29.0,1016.4,1014.5,18.9,28.4,No,No
1050,16.0,22.0,0.0,43.0,15.0,7.0,62.0,78.0,1018.3,1016.6,20.1,19.4,No,No
1051,12.8,27.5,0.2,20.0,2.0,11.0,89.0,52.0,1019.2,1015.4,17.2,26.3,No,No
1052,15.1,31.9,0.0,31.0,9.0,11.0,66.0,36.0,1017.1,1013.0,22.9,30.5,No,No
1053,19.9,29.6,0.0,33.0,13.0,19.0,72.0,62.0,1013.4,1008.4,21.9,26.5,No,No
1054,17.4,22.8,0.0,44.0,28.0,24.0,92.0,44.0,1011.4,1013.6,17.5,20.7,No,No
1055,8.1,23.5,0.0,33.0,4.0,19.0,54.0,36.0,1018.1,1014.3,17.0,22.6,No,Yes
1056,11.9,22.7,2.6,31.0,2.0,7.0,76.0,39.0,1012.3,1009.8,14.7,22.2,Yes,No
1057,10.0,24.4,0.0,37.0,19.0,17.0,53.0,30.0,1017.9,1017.3,17.5,23.5,No,No
